0,1
9336.825752353861,24840.0
9336.827812387017,24840.0
9336.829872420174,24840.0
9336.83193245333,24840.0
9336.833992486485,24840.0
9336.83605251964,24840.0
9336.838112552796,24840.0
9336.840172585951,24840.0
9336.842232619107,24841.0
9336.844292652262,24841.0
9336.846352685418,24841.0
9336.848412718573,24841.0
9336.850472751728,24841.0
9336.852532784886,24841.0
9336.854592818041,24841.0
9336.856652851196,24841.0
9336.858712884352,24841.0
9336.860772917507,24842.0
9336.862832950663,24842.0
9336.864892983818,24842.0
9336.866953016974,24842.0
9336.869013050129,24842.0
9336.871073083285,24842.0
9336.87313311644,24842.0
9336.875193149597,24842.0
9336.877253182753,24842.0
9336.879313215908,24842.0
9336.881373249063,24842.0
9336.883433282219,24842.0
9336.885493315374,24842.0
9336.88755334853,24842.0
9336.889613381685,24842.0
9336.89167341484,24842.0
9336.893733447996,24842.0
9336.895793481153,24843.0
9336.897853514309,24843.0
9336.899913547464,24843.0
9336.90197358062,24843.0
9336.904033613775,24843.0
9336.90609364693,24843.0
9336.908153680086,24843.0
9336.910213713241,24843.0
9336.912273746397,24843.0
9336.914333779552,24844.0
9336.916393812708,24844.0
9336.918453845865,24844.0
9336.92051387902,24844.0
9336.922573912176,24844.0
9336.924633945331,24844.0
9336.926693978487,24844.0
9336.928754011642,24844.0
9336.930814044797,24844.0
9336.932874077953,24845.0
9336.934934111108,24845.0
9336.936994144264,24845.0
9336.93905417742,24845.0
9336.941114210576,24845.0
9336.943174243732,24845.0
9336.945234276887,24845.0
9336.947294310043,24845.0
9336.949354343198,24845.0
9336.951414376354,24846.0
9336.953474409509,24846.0
9336.955534442664,24846.0
9336.95759447582,24846.0
9336.959654508975,24846.0
9336.961714542133,24846.0
9336.963774575288,24846.0
9336.965834608443,24846.0
9336.967894641599,24847.0
9336.969954674754,24847.0
9336.97201470791,24847.0
9336.974074741065,24847.0
9336.97613477422,24847.0
9336.978194807376,24847.0
9336.980254840531,24847.0
9336.982314873687,24847.0
9336.984374906844,24847.0
9336.98643494,24848.0
9336.988494973155,24848.0
9336.99055500631,24848.0
9336.992615039466,24848.0
9336.994675072621,24848.0
9336.996735105777,24848.0
9336.998795138932,24848.0
9337.000855172088,24848.0
9337.002915205243,24848.0
9337.0049752384,24849.0
9337.007035271556,24849.0
9337.009095304711,24849.0
9337.011155337867,24849.0
9337.013215371022,24849.0
9337.015275404177,24849.0
9337.017335437333,24849.0
9337.019395470488,24849.0
9337.021455503644,24849.0
9337.0235155368,24850.0
9337.025575569955,24850.0
9337.027635603112,24850.0
9337.029695636267,24850.0
9337.031755669423,24850.0
9337.033815702578,24850.0
9337.035875735733,24850.0
9337.037935768889,24850.0
9337.039995802044,24850.0
9337.0420558352,24850.0
9337.044115868355,24850.0
9337.04617590151,24850.0
9337.048235934668,24850.0
9337.050295967823,24851.0
9337.052356000979,24851.0
9337.054416034134,24851.0
9337.05647606729,24851.0
9337.058536100445,24851.0
9337.0605961336,24851.0
9337.062656166756,24851.0
9337.064716199911,24851.0
9337.066776233067,24852.0
9337.068836266222,24852.0
9337.07089629938,24852.0
9337.072956332535,24852.0
9337.07501636569,24852.0
9337.077076398846,24852.0
9337.079136432001,24852.0
9337.081196465157,24852.0
9337.083256498312,24852.0
9337.085316531467,24852.0
9337.087376564623,24852.0
9337.089436597778,24852.0
9337.091496630936,24852.0
9337.093556664091,24852.0
9337.095616697246,24853.0
9337.097676730402,24853.0
9337.099736763557,24853.0
9337.101796796713,24853.0
9337.103856829868,24853.0
9337.105916863024,24853.0
9337.107976896179,24853.0
9337.110036929334,24853.0
9337.11209696249,24853.0
9337.114156995647,24854.0
9337.116217028803,24854.0
9337.118277061958,24854.0
9337.120337095113,24854.0
9337.122397128269,24854.0
9337.124457161424,24854.0
9337.12651719458,24854.0
9337.128577227735,24854.0
9337.13063726089,24855.0
9337.132697294046,24855.0
9337.134757327203,24855.0
9337.136817360359,24855.0
9337.138877393514,24855.0
9337.14093742667,24855.0
9337.142997459825,24855.0
9337.14505749298,24855.0
9337.147117526136,24855.0
9337.149177559291,24856.0
9337.151237592447,24856.0
9337.153297625602,24856.0
9337.155357658758,24856.0
9337.157417691915,24856.0
9337.15947772507,24856.0
9337.161537758226,24856.0
9337.163597791381,24856.0
9337.165657824537,24856.0
9337.167717857692,24856.0
9337.169777890847,24856.0
9337.171837924003,24856.0
9337.173897957158,24856.0
9337.175957990314,24856.0
9337.178018023471,24856.0
9337.180078056626,24856.0
9337.182138089782,24856.0
9337.184198122937,24857.0
9337.186258156093,24857.0
9337.188318189248,24857.0
9337.190378222404,24857.0
9337.192438255559,24857.0
9337.194498288714,24857.0
9337.19655832187,24857.0
9337.198618355025,24857.0
9337.200678388182,24857.0
9337.202738421338,24858.0
9337.204798454493,24858.0
9337.206858487649,24858.0
9337.208918520804,24858.0
9337.21097855396,24858.0
9337.213038587115,24858.0
9337.21509862027,24858.0
9337.217158653426,24858.0
9337.219218686581,24858.0
9337.221278719739,24859.0
9337.223338752894,24859.0
9337.22539878605,24859.0
9337.227458819205,24859.0
9337.22951885236,24859.0
9337.231578885516,24859.0
9337.233638918671,24859.0
9337.235698951827,24859.0
9337.237758984982,24859.0
9337.239819018137,24860.0
9337.241879051293,24860.0
9337.24393908445,24860.0
9337.245999117606,24860.0
9337.248059150761,24860.0
9337.250119183916,24860.0
9337.252179217072,24860.0
9337.254239250227,24860.0
9337.256299283383,24860.0
9337.258359316538,24861.0
9337.260419349694,24861.0
9337.262479382849,24861.0
9337.264539416006,24861.0
9337.266599449162,24861.0
9337.268659482317,24861.0
9337.270719515473,24861.0
9337.272779548628,24861.0
9337.274839581783,24861.0
9337.276899614939,24862.0
9337.278959648094,24862.0
9337.28101968125,24862.0
9337.283079714405,24862.0
9337.28513974756,24862.0
9337.287199780718,24862.0
9337.289259813873,24862.0
9337.291319847029,24862.0
9337.293379880184,24862.0
9337.29543991334,24863.0
9337.297499946495,24863.0
9337.29955997965,24863.0
9337.301620012806,24863.0
9337.303680045961,24863.0
9337.305740079117,24863.0
9337.307800112272,24863.0
9337.30986014543,24863.0
9337.311920178585,24864.0
9337.31398021174,24864.0
9337.316040244896,24864.0
9337.318100278051,24864.0
9337.320160311207,24864.0
9337.322220344362,24864.0
9337.324280377517,24865.0
9337.326340410673,24865.0
9337.328400443828,24865.0
9337.330460476986,24865.0
9337.332520510141,24865.0
9337.334580543296,24865.0
9337.336640576452,24865.0
9337.338700609607,24865.0
9337.340760642763,24865.0
9337.342820675918,24865.0
9337.344880709074,24865.0
9337.346940742229,24865.0
9337.349000775384,24865.0
9337.35106080854,24865.0
9337.353120841697,24865.0
9337.355180874853,24865.0
9337.357240908008,24865.0
9337.359300941163,24865.0
9337.361360974319,24865.0
9337.363421007474,24865.0
9337.36548104063,24865.0
9337.367541073785,24865.0
9337.36960110694,24865.0
9337.371661140096,24865.0
9337.373721173251,24866.0
9337.375781206409,24866.0
9337.377841239564,24866.0
9337.37990127272,24866.0
9337.381961305875,24866.0
9337.38402133903,24866.0
9337.386081372186,24866.0
9337.388141405341,24866.0
9337.390201438497,24866.0
9337.392261471652,24867.0
9337.394321504808,24867.0
9337.396381537965,24867.0
9337.39844157112,24867.0
9337.400501604276,24867.0
9337.402561637431,24867.0
9337.404621670586,24867.0
9337.406681703742,24867.0
9337.408741736897,24867.0
9337.410801770053,24868.0
9337.412861803208,24868.0
9337.414921836364,24868.0
9337.416981869519,24868.0
9337.419041902676,24868.0
9337.421101935832,24868.0
9337.423161968987,24868.0
9337.425222002143,24868.0
9337.427282035298,24868.0
9337.429342068453,24869.0
9337.431402101609,24869.0
9337.433462134764,24869.0
9337.43552216792,24869.0
9337.437582201075,24869.0
9337.439642234232,24869.0
9337.441702267388,24869.0
9337.443762300543,24869.0
9337.445822333699,24869.0
9337.447882366854,24870.0
9337.44994240001,24870.0
9337.452002433165,24870.0
9337.45406246632,24870.0
9337.456122499476,24870.0
9337.458182532631,24870.0
9337.460242565787,24870.0
9337.462302598944,24870.0
9337.4643626321,24870.0
9337.466422665255,24871.0
9337.46848269841,24871.0
9337.470542731566,24871.0
9337.472602764721,24871.0
9337.474662797877,24871.0
9337.476722831032,24871.0
9337.478782864187,24871.0
9337.480842897343,24871.0
9337.4829029305,24871.0
9337.484962963656,24872.0
9337.487022996811,24872.0
9337.489083029966,24872.0
9337.491143063122,24872.0
9337.493203096277,24872.0
9337.495263129433,24872.0
9337.497323162588,24872.0
9337.499383195744,24872.0
9337.501443228899,24873.0
9337.503503262054,24873.0
9337.505563295212,24873.0
9337.507623328367,24873.0
9337.509683361523,24873.0
9337.511743394678,24873.0
9337.513803427833,24873.0
9337.515863460989,24873.0
9337.517923494144,24873.0
9337.5199835273,24873.0
9337.522043560455,24873.0
9337.52410359361,24873.0
9337.526163626768,24873.0
9337.528223659923,24873.0
9337.530283693079,24873.0
9337.532343726234,24873.0
9337.53440375939,24873.0
9337.536463792545,24873.0
9337.5385238257,24874.0
9337.540583858856,24874.0
9337.542643892011,24874.0
9337.544703925167,24874.0
9337.546763958322,24874.0
9337.54882399148,24874.0
9337.550884024635,24875.0
9337.55294405779,24875.0
9337.555004090946,24875.0
9337.557064124101,24875.0
9337.559124157257,24875.0
9337.561184190412,24875.0
9337.563244223567,24875.0
9337.565304256723,24876.0
9337.567364289878,24876.0
9337.569424323035,24876.0
9337.571484356191,24876.0
9337.573544389346,24876.0
9337.575604422502,24876.0
9337.577664455657,24876.0
9337.579724488813,24876.0
9337.581784521968,24877.0
9337.583844555124,24877.0
9337.585904588279,24877.0
9337.587964621434,24877.0
9337.59002465459,24877.0
9337.592084687747,24877.0
9337.594144720902,24877.0
9337.596204754058,24877.0
9337.598264787213,24877.0
9337.600324820369,24878.0
9337.602384853524,24878.0
9337.60444488668,24878.0
9337.606504919835,24878.0
9337.60856495299,24878.0
9337.610624986146,24878.0
9337.612685019303,24878.0
9337.614745052459,24878.0
9337.616805085614,24878.0
9337.61886511877,24878.0
9337.620925151925,24878.0
9337.62298518508,24878.0
9337.625045218236,24878.0
9337.627105251391,24878.0
9337.629165284547,24878.0
9337.631225317702,24878.0
9337.633285350857,24878.0
9337.635345384015,24879.0
9337.63740541717,24879.0
9337.639465450326,24879.0
9337.641525483481,24879.0
9337.643585516636,24879.0
9337.645645549792,24879.0
9337.647705582947,24879.0
9337.649765616103,24879.0
9337.651825649258,24879.0
9337.653885682414,24880.0
9337.65594571557,24880.0
9337.658005748726,24880.0
9337.660065781882,24880.0
9337.662125815037,24880.0
9337.664185848193,24880.0
9337.666245881348,24880.0
9337.668305914503,24880.0
9337.670365947659,24880.0
9337.672425980814,24881.0
9337.67448601397,24881.0
9337.676546047125,24881.0
9337.678606080282,24881.0
9337.680666113438,24881.0
9337.682726146593,24881.0
9337.684786179749,24881.0
9337.686846212904,24881.0
9337.68890624606,24881.0
9337.690966279215,24882.0
9337.69302631237,24882.0
9337.695086345526,24882.0
9337.697146378681,24882.0
9337.699206411837,24882.0
9337.701266444994,24882.0
9337.70332647815,24882.0
9337.705386511305,24882.0
9337.70744654446,24882.0
9337.709506577616,24883.0
9337.711566610771,24883.0
9337.713626643927,24883.0
9337.715686677082,24883.0
9337.717746710237,24883.0
9337.719806743393,24883.0
9337.72186677655,24883.0
9337.723926809706,24883.0
9337.725986842861,24884.0
9337.728046876016,24884.0
9337.730106909172,24884.0
9337.732166942327,24884.0
9337.734226975483,24884.0
9337.736287008638,24884.0
9337.738347041794,24884.0
9337.740407074949,24884.0
9337.742467108104,24884.0
9337.744527141262,24884.0
9337.746587174417,24885.0
9337.748647207573,24885.0
9337.750707240728,24885.0
9337.752767273883,24885.0
9337.754827307039,24885.0
9337.756887340194,24885.0
9337.75894737335,24885.0
9337.761007406505,24885.0
9337.76306743966,24886.0
9337.765127472816,24886.0
9337.767187505973,24886.0
9337.769247539129,24886.0
9337.771307572284,24886.0
9337.77336760544,24886.0
9337.775427638595,24886.0
9337.77748767175,24886.0
9337.779547704906,24886.0
9337.781607738061,24887.0
9337.783667771217,24887.0
9337.785727804372,24887.0
9337.78778783753,24887.0
9337.789847870685,24887.0
9337.79190790384,24887.0
9337.793967936996,24887.0
9337.796027970151,24887.0
9337.798088003306,24887.0
9337.800148036462,24887.0
9337.802208069617,24887.0
9337.804268102773,24887.0
9337.806328135928,24887.0
9337.808388169084,24887.0
9337.81044820224,24887.0
9337.812508235396,24887.0
9337.814568268552,24887.0
9337.816628301707,24888.0
9337.818688334863,24888.0
9337.820748368018,24888.0
9337.822808401173,24888.0
9337.824868434329,24888.0
9337.826928467484,24888.0
9337.82898850064,24888.0
9337.831048533797,24889.0
9337.833108566952,24889.0
9337.835168600108,24889.0
9337.837228633263,24889.0
9337.839288666419,24889.0
9337.841348699574,24889.0
9337.84340873273,24889.0
9337.845468765885,24890.0
9337.84752879904,24890.0
9337.849588832196,24890.0
9337.851648865351,24890.0
9337.853708898509,24890.0
9337.855768931664,24890.0
9337.85782896482,24890.0
9337.859888997975,24890.0
9337.86194903113,24890.0
9337.864009064286,24890.0
9337.866069097441,24890.0
9337.868129130597,24890.0
9337.870189163752,24890.0
9337.872249196907,24890.0
9337.874309230065,24890.0
9337.87636926322,24890.0
9337.878429296376,24890.0
9337.880489329531,24891.0
9337.882549362686,24891.0
9337.884609395842,24891.0
9337.886669428997,24891.0
9337.888729462153,24891.0
9337.890789495308,24891.0
9337.892849528464,24891.0
9337.894909561619,24891.0
9337.896969594776,24891.0
9337.899029627932,24892.0
9337.901089661087,24892.0
9337.903149694243,24892.0
9337.905209727398,24892.0
9337.907269760553,24892.0
9337.909329793709,24892.0
9337.911389826864,24892.0
9337.91344986002,24892.0
9337.915509893175,24892.0
9337.917569926332,24893.0
9337.919629959488,24893.0
9337.921689992643,24893.0
9337.923750025799,24893.0
9337.925810058954,24893.0
9337.92787009211,24893.0
9337.929930125265,24893.0
9337.93199015842,24893.0
9337.934050191576,24893.0
9337.936110224731,24894.0
9337.938170257887,24894.0
9337.940230291044,24894.0
9337.9422903242,24894.0
9337.944350357355,24894.0
9337.94641039051,24894.0
9337.948470423666,24894.0
9337.950530456821,24894.0
9337.952590489977,24894.0
9337.954650523132,24894.0
9337.956710556287,24895.0
9337.958770589443,24895.0
9337.9608306226,24895.0
9337.962890655755,24895.0
9337.96495068891,24895.0
9337.967010722066,24895.0
9337.969070755222,24895.0
9337.971130788377,24895.0
9337.973190821533,24895.0
9337.975250854688,24896.0
9337.977310887843,24896.0
9337.979370920999,24896.0
9337.981430954154,24896.0
9337.983490987312,24896.0
9337.985551020467,24896.0
9337.987611053622,24896.0
9337.989671086778,24896.0
9337.991731119933,24896.0
9337.993791153089,24897.0
9337.995851186244,24897.0
9337.9979112194,24897.0
9337.999971252555,24897.0
9338.00203128571,24897.0
9338.004091318868,24897.0
9338.006151352023,24897.0
9338.008211385179,24897.0
9338.010271418334,24897.0
9338.01233145149,24898.0
9338.014391484645,24898.0
9338.0164515178,24898.0
9338.018511550956,24898.0
9338.020571584111,24898.0
9338.022631617267,24898.0
9338.024691650422,24898.0
9338.02675168358,24898.0
9338.028811716735,24898.0
9338.03087174989,24899.0
9338.032931783046,24899.0
9338.034991816201,24899.0
9338.037051849356,24899.0
9338.039111882512,24899.0
9338.041171915667,24899.0
9338.043231948823,24899.0
9338.045291981978,24899.0
9338.047352015135,24899.0
9338.04941204829,24899.0
9338.051472081446,24899.0
9338.053532114602,24899.0
9338.055592147757,24899.0
9338.057652180913,24899.0
9338.059712214068,24899.0
9338.061772247223,24899.0
9338.063832280379,24899.0
9338.065892313534,24899.0
9338.06795234669,24900.0
9338.070012379847,24900.0
9338.072072413002,24900.0
9338.074132446158,24900.0
9338.076192479313,24900.0
9338.078252512469,24900.0
9338.080312545624,24900.0
9338.08237257878,24900.0
9338.084432611935,24900.0
9338.08649264509,24901.0
9338.088552678246,24901.0
9338.090612711401,24901.0
9338.092672744559,24901.0
9338.094732777714,24901.0
9338.09679281087,24901.0
9338.098852844025,24901.0
9338.10091287718,24901.0
9338.102972910336,24901.0
9338.105032943491,24901.0
9338.107092976647,24902.0
9338.109153009802,24902.0
9338.111213042957,24902.0
9338.113273076115,24902.0
9338.11533310927,24902.0
9338.117393142425,24902.0
9338.119453175581,24902.0
9338.121513208736,24902.0
9338.123573241892,24902.0
9338.125633275047,24903.0
9338.127693308203,24903.0
9338.129753341358,24903.0
9338.131813374514,24903.0
9338.133873407669,24903.0
9338.135933440826,24903.0
9338.137993473982,24903.0
9338.140053507137,24903.0
9338.142113540292,24904.0
9338.144173573448,24904.0
9338.146233606603,24904.0
9338.148293639759,24904.0
9338.150353672914,24904.0
9338.15241370607,24904.0
9338.154473739225,24904.0
9338.15653377238,24904.0
9338.158593805538,24904.0
9338.160653838693,24904.0
9338.162713871849,24905.0
9338.164773905004,24905.0
9338.16683393816,24905.0
9338.168893971315,24905.0
9338.17095400447,24905.0
9338.173014037626,24905.0
9338.175074070781,24905.0
9338.177134103937,24905.0
9338.179194137094,24905.0
9338.18125417025,24906.0
9338.183314203405,24906.0
9338.18537423656,24906.0
9338.187434269716,24906.0
9338.189494302871,24906.0
9338.191554336026,24906.0
9338.193614369182,24906.0
9338.195674402337,24906.0
9338.197734435493,24906.0
9338.199794468648,24907.0
9338.201854501805,24907.0
9338.20391453496,24907.0
9338.205974568116,24907.0
9338.208034601272,24907.0
9338.210094634427,24907.0
9338.212154667583,24907.0
9338.214214700738,24907.0
9338.216274733893,24907.0
9338.218334767049,24908.0
9338.220394800204,24908.0
9338.222454833362,24908.0
9338.224514866517,24908.0
9338.226574899672,24908.0
9338.228634932828,24908.0
9338.230694965983,24908.0
9338.232754999139,24908.0
9338.234815032294,24908.0
9338.23687506545,24908.0
9338.238935098605,24908.0
9338.24099513176,24908.0
9338.243055164916,24908.0
9338.245115198073,24908.0
9338.247175231229,24908.0
9338.249235264384,24908.0
9338.25129529754,24908.0
9338.253355330695,24908.0
9338.25541536385,24908.0
9338.257475397006,24908.0
9338.259535430161,24908.0
9338.261595463317,24908.0
9338.263655496472,24908.0
9338.26571552963,24908.0
9338.267775562785,24908.0
9338.26983559594,24908.0
9338.271895629096,24908.0
9338.273955662251,24908.0
9338.276015695406,24908.0
9338.278075728562,24908.0
9338.280135761717,24909.0
9338.282195794873,24909.0
9338.284255828028,24909.0
9338.286315861184,24909.0
9338.28837589434,24909.0
9338.290435927496,24909.0
9338.292495960652,24909.0
9338.294555993807,24909.0
9338.296616026963,24909.0
9338.298676060118,24909.0
9338.300736093273,24909.0
9338.302796126429,24909.0
9338.304856159584,24909.0
9338.30691619274,24909.0
9338.308976225897,24910.0
9338.311036259052,24910.0
9338.313096292208,24910.0
9338.315156325363,24910.0
9338.317216358519,24910.0
9338.319276391674,24910.0
9338.32133642483,24910.0
9338.323396457985,24910.0
9338.32545649114,24910.0
9338.327516524296,24911.0
9338.329576557451,24911.0
9338.331636590608,24911.0
9338.333696623764,24911.0
9338.33575665692,24911.0
9338.337816690075,24911.0
9338.33987672323,24911.0
9338.341936756386,24911.0
9338.343996789541,24911.0
9338.346056822696,24912.0
9338.348116855852,24912.0
9338.350176889007,24912.0
9338.352236922165,24912.0
9338.35429695532,24912.0
9338.356356988475,24912.0
9338.35841702163,24912.0
9338.360477054786,24913.0
9338.362537087942,24913.0
9338.364597121097,24913.0
9338.366657154253,24913.0
9338.368717187408,24913.0
9338.370777220563,24913.0
9338.372837253719,24913.0
9338.374897286876,24913.0
9338.376957320032,24913.0
9338.379017353187,24913.0
9338.381077386342,24913.0
9338.383137419498,24913.0
9338.385197452653,24913.0
9338.387257485809,24913.0
9338.389317518964,24913.0
9338.39137755212,24914.0
9338.393437585275,24914.0
9338.395497618432,24914.0
9338.397557651588,24914.0
9338.399617684743,24914.0
9338.401677717899,24914.0
9338.403737751054,24914.0
9338.40579778421,24914.0
9338.407857817365,24914.0
9338.40991785052,24914.0
9338.411977883676,24915.0
9338.414037916831,24915.0
9338.416097949987,24915.0
9338.418157983144,24915.0
9338.4202180163,24915.0
9338.422278049455,24915.0
9338.42433808261,24915.0
9338.426398115766,24915.0
9338.428458148921,24915.0
9338.430518182076,24916.0
9338.432578215232,24916.0
9338.434638248387,24916.0
9338.436698281543,24916.0
9338.4387583147,24916.0
9338.440818347855,24916.0
9338.44287838101,24916.0
9338.444938414166,24916.0
9338.446998447322,24916.0
9338.449058480477,24917.0
9338.451118513633,24917.0
9338.453178546788,24917.0
9338.455238579943,24917.0
9338.457298613099,24917.0
9338.459358646254,24917.0
9338.461418679412,24917.0
9338.463478712567,24917.0
9338.465538745722,24917.0
9338.467598778878,24917.0
9338.469658812033,24917.0
9338.471718845189,24917.0
9338.473778878344,24917.0
9338.4758389115,24917.0
9338.477898944655,24917.0
9338.47995897781,24917.0
9338.482019010966,24917.0
9338.484079044123,24917.0
9338.486139077278,24918.0
9338.488199110434,24918.0
9338.49025914359,24918.0
9338.492319176745,24918.0
9338.4943792099,24918.0
9338.496439243056,24918.0
9338.498499276211,24918.0
9338.500559309367,24918.0
9338.502619342522,24918.0
9338.50467937568,24918.0
9338.506739408835,24919.0
9338.50879944199,24919.0
9338.510859475145,24919.0
9338.512919508301,24919.0
9338.514979541456,24919.0
9338.517039574612,24919.0
9338.519099607767,24919.0
9338.521159640923,24919.0
9338.523219674078,24920.0
9338.525279707233,24920.0
9338.52733974039,24920.0
9338.529399773546,24920.0
9338.531459806702,24920.0
9338.533519839857,24920.0
9338.535579873012,24920.0
9338.537639906168,24920.0
9338.539699939323,24920.0
9338.541759972479,24921.0
9338.543820005634,24921.0
9338.54588003879,24921.0
9338.547940071945,24921.0
9338.550000105102,24921.0
9338.552060138258,24921.0
9338.554120171413,24921.0
9338.556180204569,24921.0
9338.558240237724,24921.0
9338.56030027088,24921.0
9338.562360304035,24922.0
9338.56442033719,24922.0
9338.566480370346,24922.0
9338.568540403501,24922.0
9338.570600436658,24922.0
9338.572660469814,24922.0
9338.57472050297,24922.0
9338.576780536125,24922.0
9338.57884056928,24922.0
9338.580900602436,24923.0
9338.582960635591,24923.0
9338.585020668746,24923.0
9338.587080701902,24923.0
9338.589140735057,24923.0
9338.591200768213,24923.0
9338.59326080137,24923.0
9338.595320834525,24923.0
9338.59738086768,24923.0
9338.599440900836,24924.0
9338.601500933992,24924.0
9338.603560967147,24924.0
9338.605621000303,24924.0
9338.607681033458,24924.0
9338.609741066613,24924.0
9338.611801099769,24924.0
9338.613861132926,24924.0
9338.615921166082,24924.0
9338.617981199237,24924.0
9338.620041232392,24925.0
9338.622101265548,24925.0
9338.624161298703,24925.0
9338.626221331859,24925.0
9338.628281365014,24925.0
9338.63034139817,24925.0
9338.632401431325,24925.0
9338.63446146448,24925.0
9338.636521497638,24926.0
9338.638581530793,24926.0
9338.640641563949,24926.0
9338.642701597104,24926.0
9338.64476163026,24926.0
9338.646821663415,24926.0
9338.64888169657,24926.0
9338.650941729726,24926.0
9338.653001762881,24926.0
9338.655061796037,24926.0
9338.657121829194,24926.0
9338.65918186235,24926.0
9338.661241895505,24926.0
9338.66330192866,24926.0
9338.665361961816,24927.0
9338.667421994971,24927.0
9338.669482028126,24927.0
9338.671542061282,24927.0
9338.673602094437,24927.0
9338.675662127593,24927.0
9338.677722160748,24927.0
9338.679782193905,24927.0
9338.68184222706,24927.0
9338.683902260216,24928.0
9338.685962293372,24928.0
9338.688022326527,24928.0
9338.690082359682,24928.0
9338.692142392838,24928.0
9338.694202425993,24928.0
9338.696262459149,24928.0
9338.698322492304,24928.0
9338.700382525461,24928.0
9338.702442558617,24928.0
9338.704502591772,24929.0
9338.706562624928,24929.0
9338.708622658083,24929.0
9338.710682691239,24929.0
9338.712742724394,24929.0
9338.71480275755,24929.0
9338.716862790705,24929.0
9338.71892282386,24929.0
9338.720982857016,24930.0
9338.723042890173,24930.0
9338.725102923328,24930.0
9338.727162956484,24930.0
9338.72922298964,24930.0
9338.731283022795,24930.0
9338.73334305595,24930.0
9338.735403089106,24930.0
9338.737463122261,24930.0
9338.739523155416,24931.0
9338.741583188572,24931.0
9338.74364322173,24931.0
9338.745703254885,24931.0
9338.74776328804,24931.0
9338.749823321195,24931.0
9338.75188335435,24931.0
9338.753943387506,24931.0
9338.756003420662,24931.0
9338.758063453817,24931.0
9338.760123486973,24931.0
9338.762183520128,24931.0
9338.764243553283,24931.0
9338.76630358644,24931.0
9338.768363619596,24931.0
9338.770423652752,24931.0
9338.772483685907,24931.0
9338.774543719062,24931.0
9338.776603752218,24932.0
9338.778663785373,24932.0
9338.780723818529,24932.0
9338.782783851684,24932.0
9338.78484388484,24932.0
9338.786903917997,24932.0
9338.788963951152,24932.0
9338.791023984308,24932.0
9338.793084017463,24932.0
9338.795144050619,24933.0
9338.797204083774,24933.0
9338.79926411693,24933.0
9338.801324150085,24933.0
9338.80338418324,24933.0
9338.805444216396,24933.0
9338.807504249551,24933.0
9338.809564282708,24933.0
9338.811624315864,24933.0
9338.81368434902,24934.0
9338.815744382175,24934.0
9338.81780441533,24934.0
9338.819864448486,24934.0
9338.821924481641,24934.0
9338.823984514796,24934.0
9338.826044547952,24934.0
9338.828104581107,24934.0
9338.830164614265,24934.0
9338.83222464742,24935.0
9338.834284680575,24935.0
9338.83634471373,24935.0
9338.838404746886,24935.0
9338.840464780042,24935.0
9338.842524813197,24935.0
9338.844584846353,24935.0
9338.846644879508,24935.0
9338.848704912663,24935.0
9338.850764945819,24935.0
9338.852824978976,24936.0
9338.854885012131,24936.0
9338.856945045287,24936.0
9338.859005078442,24936.0
9338.861065111598,24936.0
9338.863125144753,24936.0
9338.865185177909,24936.0
9338.867245211064,24936.0
9338.86930524422,24936.0
9338.871365277375,24937.0
9338.87342531053,24937.0
9338.875485343688,24937.0
9338.877545376843,24937.0
9338.879605409998,24937.0
9338.881665443154,24937.0
9338.88372547631,24937.0
9338.885785509465,24937.0
9338.88784554262,24937.0
9338.889905575776,24938.0
9338.891965608931,24938.0
9338.894025642086,24938.0
9338.896085675244,24938.0
9338.8981457084,24938.0
9338.900205741555,24938.0
9338.90226577471,24938.0
9338.904325807865,24938.0
9338.90638584102,24938.0
9338.908445874176,24939.0
9338.910505907332,24939.0
9338.912565940487,24939.0
9338.914625973643,24939.0
9338.916686006798,24939.0
9338.918746039955,24939.0
9338.92080607311,24939.0
9338.922866106266,24939.0
9338.924926139422,24939.0
9338.926986172577,24940.0
9338.929046205732,24940.0
9338.931106238888,24940.0
9338.933166272043,24940.0
9338.935226305199,24940.0
9338.937286338354,24940.0
9338.93934637151,24940.0
9338.941406404667,24940.0
9338.943466437822,24940.0
9338.945526470978,24940.0
9338.947586504133,24940.0
9338.949646537289,24940.0
9338.951706570444,24940.0
9338.9537666036,24940.0
9338.955826636755,24940.0
9338.95788666991,24940.0
9338.959946703066,24940.0
9338.962006736223,24940.0
9338.964066769378,24940.0
9338.966126802534,24941.0
9338.96818683569,24941.0
9338.970246868845,24941.0
9338.972306902,24941.0
9338.974366935156,24941.0
9338.976426968311,24941.0
9338.978487001466,24941.0
9338.980547034622,24941.0
9338.982607067777,24941.0
9338.984667100935,24942.0
9338.98672713409,24942.0
9338.988787167245,24942.0
9338.9908472004,24942.0
9338.992907233556,24942.0
9338.994967266712,24942.0
9338.997027299867,24942.0
9338.999087333023,24942.0
9339.001147366178,24943.0
9339.003207399333,24943.0
9339.00526743249,24943.0
9339.007327465646,24943.0
9339.009387498802,24943.0
9339.011447531957,24943.0
9339.013507565112,24943.0
9339.015567598268,24943.0
9339.017627631423,24943.0
9339.019687664579,24943.0
9339.021747697734,24944.0
9339.02380773089,24944.0
9339.025867764045,24944.0
9339.027927797202,24944.0
9339.029987830358,24944.0
9339.032047863513,24944.0
9339.034107896669,24944.0
9339.036167929824,24944.0
9339.03822796298,24945.0
9339.040287996135,24945.0
9339.04234802929,24945.0
9339.044408062446,24945.0
9339.046468095601,24945.0
9339.048528128758,24945.0
9339.050588161914,24945.0
9339.05264819507,24945.0
9339.054708228225,24945.0
9339.05676826138,24946.0
9339.058828294535,24946.0
9339.060888327691,24946.0
9339.062948360846,24946.0
9339.065008394002,24946.0
9339.067068427157,24946.0
9339.069128460313,24946.0
9339.07118849347,24946.0
9339.073248526625,24946.0
9339.07530855978,24947.0
9339.077368592936,24947.0
9339.079428626092,24947.0
9339.081488659247,24947.0
9339.083548692402,24947.0
9339.085608725558,24947.0
9339.087668758713,24947.0
9339.089728791869,24947.0
9339.091788825026,24947.0
9339.093848858181,24948.0
9339.095908891337,24948.0
9339.097968924492,24948.0
9339.100028957648,24948.0
9339.102088990803,24948.0
9339.104149023959,24948.0
9339.106209057114,24948.0
9339.10826909027,24948.0
9339.110329123425,24948.0
9339.11238915658,24948.0
9339.114449189738,24948.0
9339.116509222893,24948.0
9339.118569256048,24948.0
9339.120629289204,24948.0
9339.12268932236,24948.0
9339.124749355515,24948.0
9339.12680938867,24948.0
9339.128869421826,24948.0
9339.130929454981,24948.0
9339.132989488136,24949.0
9339.135049521294,24949.0
9339.13710955445,24949.0
9339.139169587605,24949.0
9339.14122962076,24949.0
9339.143289653915,24949.0
9339.14534968707,24949.0
9339.147409720226,24949.0
9339.149469753382,24949.0
9339.151529786537,24949.0
9339.153589819693,24950.0
9339.155649852848,24950.0
9339.157709886005,24950.0
9339.15976991916,24950.0
9339.161829952316,24950.0
9339.163889985472,24950.0
9339.165950018627,24950.0
9339.168010051782,24950.0
9339.170070084938,24950.0
9339.172130118093,24951.0
9339.174190151249,24951.0
9339.176250184404,24951.0
9339.178310217561,24951.0
9339.180370250717,24951.0
9339.182430283872,24951.0
9339.184490317028,24951.0
9339.186550350183,24951.0
9339.188610383339,24951.0
9339.190670416494,24952.0
9339.19273044965,24952.0
9339.194790482805,24952.0
9339.19685051596,24952.0
9339.198910549116,24952.0
9339.200970582273,24952.0
9339.203030615428,24952.0
9339.205090648584,24952.0
9339.20715068174,24952.0
9339.209210714895,24953.0
9339.21127074805,24953.0
9339.213330781206,24953.0
9339.215390814361,24953.0
9339.217450847516,24953.0
9339.219510880672,24953.0
9339.221570913829,24953.0
9339.223630946984,24953.0
9339.22569098014,24953.0
9339.227751013295,24954.0
9339.22981104645,24954.0
9339.231871079606,24954.0
9339.233931112762,24954.0
9339.235991145917,24954.0
9339.238051179072,24954.0
9339.240111212228,24954.0
9339.242171245383,24954.0
9339.24423127854,24954.0
9339.246291311696,24955.0
9339.248351344851,24955.0
9339.250411378007,24955.0
9339.252471411162,24955.0
9339.254531444318,24955.0
9339.256591477473,24955.0
9339.258651510629,24955.0
9339.260711543784,24955.0
9339.26277157694,24955.0
9339.264831610095,24956.0
9339.266891643252,24956.0
9339.268951676408,24956.0
9339.271011709563,24956.0
9339.273071742718,24956.0
9339.275131775874,24956.0
9339.27719180903,24956.0
9339.279251842185,24956.0
9339.28131187534,24956.0
9339.283371908496,24957.0
9339.285431941651,24957.0
9339.287491974808,24957.0
9339.289552007964,24957.0
9339.29161204112,24957.0
9339.293672074275,24957.0
9339.29573210743,24957.0
9339.297792140585,24957.0
9339.29985217374,24957.0
9339.301912206896,24957.0
9339.303972240052,24957.0
9339.306032273207,24957.0
9339.308092306363,24957.0
9339.31015233952,24957.0
9339.312212372675,24957.0
9339.31427240583,24957.0
9339.316332438986,24957.0
9339.318392472142,24957.0
9339.320452505297,24957.0
9339.322512538452,24957.0
9339.324572571608,24957.0
9339.326632604763,24957.0
9339.328692637919,24957.0
9339.330752671074,24957.0
9339.332812704231,24957.0
9339.334872737387,24957.0
9339.336932770542,24957.0
9339.338992803698,24957.0
9339.341052836853,24957.0
9339.343112870009,24957.0
9339.345172903164,24957.0
9339.34723293632,24957.0
9339.349292969475,24957.0
9339.35135300263,24957.0
9339.353413035788,24957.0
9339.355473068943,24957.0
9339.357533102098,24957.0
9339.359593135254,24957.0
9339.36165316841,24957.0
9339.363713201565,24957.0
9339.36577323472,24957.0
9339.367833267876,24957.0
9339.369893301031,24957.0
9339.371953334186,24957.0
9339.374013367342,24957.0
9339.376073400499,24957.0
9339.378133433655,24957.0
9339.38019346681,24957.0
9339.382253499965,24957.0
9339.38431353312,24957.0
9339.386373566276,24958.0
9339.388433599432,24958.0
9339.390493632587,24958.0
9339.392553665743,24958.0
9339.394613698898,24958.0
9339.396673732055,24958.0
9339.39873376521,24958.0
9339.400793798366,24958.0
9339.402853831521,24958.0
9339.404913864677,24958.0
9339.406973897832,24958.0
9339.409033930988,24958.0
9339.411093964143,24958.0
9339.413153997299,24958.0
9339.415214030454,24958.0
9339.41727406361,24959.0
9339.419334096767,24959.0
9339.421394129922,24959.0
9339.423454163078,24959.0
9339.425514196233,24959.0
9339.427574229388,24959.0
9339.429634262544,24959.0
9339.4316942957,24959.0
9339.433754328855,24959.0
9339.43581436201,24960.0
9339.437874395166,24960.0
9339.439934428323,24960.0
9339.441994461478,24960.0
9339.444054494634,24960.0
9339.44611452779,24960.0
9339.448174560945,24960.0
9339.4502345941,24960.0
9339.452294627255,24960.0
9339.45435466041,24961.0
9339.456414693566,24961.0
9339.458474726722,24961.0
9339.460534759877,24961.0
9339.462594793034,24961.0
9339.46465482619,24961.0
9339.466714859345,24961.0
9339.4687748925,24961.0
9339.470834925656,24961.0
9339.472894958812,24962.0
9339.474954991967,24962.0
9339.477015025122,24962.0
9339.479075058278,24962.0
9339.481135091433,24962.0
9339.48319512459,24962.0
9339.485255157746,24962.0
9339.487315190901,24962.0
9339.489375224057,24962.0
9339.491435257212,24963.0
9339.493495290368,24963.0
9339.495555323523,24963.0
9339.497615356679,24963.0
9339.499675389834,24963.0
9339.50173542299,24963.0
9339.503795456145,24963.0
9339.505855489302,24963.0
9339.507915522458,24963.0
9339.509975555613,24964.0
9339.512035588768,24964.0
9339.514095621924,24964.0
9339.51615565508,24964.0
9339.518215688235,24964.0
9339.52027572139,24964.0
9339.522335754546,24964.0
9339.524395787701,24964.0
9339.526455820858,24964.0
9339.528515854014,24965.0
9339.53057588717,24965.0
9339.532635920325,24965.0
9339.53469595348,24965.0
9339.536755986635,24965.0
9339.53881601979,24965.0
9339.540876052946,24965.0
9339.542936086102,24965.0
9339.544996119257,24965.0
9339.547056152413,24965.0
9339.54911618557,24965.0
9339.551176218725,24965.0
9339.55323625188,24965.0
9339.555296285036,24965.0
9339.557356318192,24966.0
9339.559416351347,24966.0
9339.561476384502,24966.0
9339.563536417658,24966.0
9339.565596450813,24966.0
9339.567656483969,24967.0
9339.569716517126,24967.0
9339.571776550281,24967.0
9339.573836583437,24967.0
9339.575896616592,24967.0
9339.577956649748,24967.0
9339.580016682903,24967.0
9339.582076716059,24967.0
9339.584136749214,24967.0
9339.58619678237,24967.0
9339.588256815525,24967.0
9339.59031684868,24967.0
9339.592376881837,24967.0
9339.594436914993,24967.0
9339.596496948148,24967.0
9339.598556981304,24967.0
9339.60061701446,24967.0
9339.602677047615,24968.0
9339.60473708077,24968.0
9339.606797113925,24968.0
9339.608857147081,24968.0
9339.610917180236,24968.0
9339.612977213394,24968.0
9339.615037246549,24968.0
9339.617097279704,24968.0
9339.61915731286,24969.0
9339.621217346015,24969.0
9339.62327737917,24969.0
9339.625337412326,24969.0
9339.627397445482,24969.0
9339.629457478637,24969.0
9339.631517511792,24969.0
9339.633577544948,24969.0
9339.635637578105,24969.0
9339.63769761126,24970.0
9339.639757644416,24970.0
9339.641817677571,24970.0
9339.643877710727,24970.0
9339.645937743882,24970.0
9339.647997777038,24970.0
9339.650057810193,24970.0
9339.652117843349,24970.0
9339.654177876504,24970.0
9339.65623790966,24971.0
9339.658297942817,24971.0
9339.660357975972,24971.0
9339.662418009128,24971.0
9339.664478042283,24971.0
9339.666538075438,24971.0
9339.668598108594,24971.0
9339.67065814175,24971.0
9339.672718174905,24971.0
9339.67477820806,24971.0
9339.676838241216,24971.0
9339.678898274373,24971.0
9339.680958307528,24971.0
9339.683018340684,24971.0
9339.68507837384,24971.0
9339.687138406995,24971.0
9339.68919844015,24971.0
9339.691258473305,24971.0
9339.69331850646,24972.0
9339.695378539616,24972.0
9339.697438572772,24972.0
9339.699498605927,24972.0
9339.701558639084,24972.0
9339.70361867224,24972.0
9339.705678705395,24972.0
9339.70773873855,24972.0
9339.709798771706,24972.0
9339.711858804862,24973.0
9339.713918838017,24973.0
9339.715978871172,24973.0
9339.718038904328,24973.0
9339.720098937483,24973.0
9339.722158970639,24973.0
9339.724219003796,24973.0
9339.726279036951,24973.0
9339.728339070107,24973.0
9339.730399103262,24974.0
9339.732459136418,24974.0
9339.734519169573,24974.0
9339.736579202729,24974.0
9339.738639235884,24974.0
9339.74069926904,24974.0
9339.742759302195,24974.0
9339.744819335352,24974.0
9339.746879368508,24974.0
9339.748939401663,24975.0
9339.750999434818,24975.0
9339.753059467974,24975.0
9339.75511950113,24975.0
9339.757179534285,24975.0
9339.75923956744,24975.0
9339.761299600596,24975.0
9339.763359633751,24975.0
9339.765419666906,24975.0
9339.767479700064,24976.0
9339.769539733219,24976.0
9339.771599766374,24976.0
9339.77365979953,24976.0
9339.775719832685,24976.0
9339.77777986584,24976.0
9339.779839898996,24976.0
9339.781899932152,24976.0
9339.783959965307,24976.0
9339.786019998463,24977.0
9339.78808003162,24977.0
9339.790140064775,24977.0
9339.79220009793,24977.0
9339.794260131086,24977.0
9339.796320164241,24977.0
9339.798380197397,24977.0
9339.800440230552,24977.0
9339.802500263708,24977.0
9339.804560296863,24978.0
9339.806620330019,24978.0
9339.808680363174,24978.0
9339.810740396331,24978.0
9339.812800429487,24978.0
9339.814860462642,24978.0
9339.816920495798,24978.0
9339.818980528953,24978.0
9339.821040562108,24978.0
9339.823100595264,24979.0
9339.82516062842,24979.0
9339.827220661575,24979.0
9339.82928069473,24979.0
9339.831340727887,24979.0
9339.833400761043,24979.0
9339.835460794198,24979.0
9339.837520827354,24979.0
9339.83958086051,24979.0
9339.841640893665,24980.0
9339.84370092682,24980.0
9339.845760959975,24980.0
9339.84782099313,24980.0
9339.849881026286,24980.0
9339.851941059442,24980.0
9339.854001092599,24980.0
9339.856061125754,24980.0
9339.85812115891,24980.0
9339.860181192065,24980.0
9339.86224122522,24980.0
9339.864301258376,24980.0
9339.866361291532,24980.0
9339.868421324687,24980.0
9339.870481357842,24980.0
9339.872541390998,24980.0
9339.874601424155,24980.0
9339.87666145731,24980.0
9339.878721490466,24981.0
9339.880781523621,24981.0
9339.882841556777,24981.0
9339.884901589932,24981.0
9339.886961623088,24981.0
9339.889021656243,24981.0
9339.891081689399,24981.0
9339.893141722554,24981.0
9339.89520175571,24981.0
9339.897261788867,24982.0
9339.899321822022,24982.0
9339.901381855178,24982.0
9339.903441888333,24982.0
9339.905501921488,24982.0
9339.907561954644,24982.0
9339.9096219878,24982.0
9339.911682020955,24982.0
9339.91374205411,24982.0
9339.915802087266,24983.0
9339.917862120423,24983.0
9339.919922153578,24983.0
9339.921982186734,24983.0
9339.924042219889,24983.0
9339.926102253045,24983.0
9339.9281622862,24983.0
9339.930222319355,24983.0
9339.93228235251,24983.0
9339.934342385666,24984.0
9339.936402418822,24984.0
9339.938462451977,24984.0
9339.940522485134,24984.0
9339.94258251829,24984.0
9339.944642551445,24984.0
9339.9467025846,24984.0
9339.948762617756,24984.0
9339.950822650912,24984.0
9339.952882684067,24985.0
9339.954942717222,24985.0
9339.957002750378,24985.0
9339.959062783533,24985.0
9339.96112281669,24985.0
9339.963182849846,24985.0
9339.965242883001,24985.0
9339.967302916157,24985.0
9339.969362949312,24985.0
9339.971422982468,24986.0
9339.973483015623,24986.0
9339.975543048778,24986.0
9339.977603081934,24986.0
9339.97966311509,24986.0
9339.981723148245,24986.0
9339.983783181402,24986.0
9339.985843214557,24986.0
9339.987903247713,24986.0
9339.989963280868,24987.0
9339.992023314024,24987.0
9339.99408334718,24987.0
9339.996143380335,24987.0
9339.99820341349,24987.0
9340.000263446645,24987.0
9340.0023234798,24987.0
9340.004383512958,24987.0
9340.006443546114,24987.0
9340.008503579269,24988.0
9340.010563612424,24988.0
9340.01262364558,24988.0
9340.014683678735,24988.0
9340.01674371189,24988.0
9340.018803745046,24988.0
9340.020863778202,24988.0
9340.022923811357,24988.0
9340.024983844512,24988.0
9340.02704387767,24988.0
9340.029103910825,24988.0
9340.03116394398,24988.0
9340.033223977136,24988.0
9340.035284010291,24988.0
9340.037344043447,24988.0
9340.039404076602,24988.0
9340.041464109758,24988.0
9340.043524142913,24988.0
9340.045584176069,24989.0
9340.047644209224,24989.0
9340.049704242381,24989.0
9340.051764275537,24989.0
9340.053824308692,24989.0
9340.055884341848,24989.0
9340.057944375003,24989.0
9340.060004408158,24989.0
9340.062064441314,24990.0
9340.06412447447,24990.0
9340.066184507625,24990.0
9340.06824454078,24990.0
9340.070304573937,24990.0
9340.072364607093,24990.0
9340.074424640248,24990.0
9340.076484673404,24990.0
9340.07854470656,24990.0
9340.080604739715,24991.0
9340.08266477287,24991.0
9340.084724806025,24991.0
9340.08678483918,24991.0
9340.088844872336,24991.0
9340.090904905492,24991.0
9340.092964938649,24991.0
9340.095024971804,24991.0
9340.09708500496,24991.0
9340.099145038115,24992.0
9340.10120507127,24992.0
9340.103265104426,24992.0
9340.105325137582,24992.0
9340.107385170737,24992.0
9340.109445203892,24992.0
9340.111505237048,24992.0
9340.113565270203,24992.0
9340.11562530336,24992.0
9340.117685336516,24993.0
9340.119745369671,24993.0
9340.121805402827,24993.0
9340.123865435982,24993.0
9340.125925469138,24993.0
9340.127985502293,24993.0
9340.130045535449,24993.0
9340.132105568604,24993.0
9340.13416560176,24993.0
9340.136225634917,24994.0
9340.138285668072,24994.0
9340.140345701227,24994.0
9340.142405734383,24994.0
9340.144465767538,24994.0
9340.146525800694,24994.0
9340.14858583385,24994.0
9340.150645867005,24994.0
9340.15270590016,24994.0
9340.154765933316,24995.0
9340.156825966471,24995.0
9340.158885999628,24995.0
9340.160946032784,24995.0
9340.163006065939,24995.0
9340.165066099094,24995.0
9340.16712613225,24995.0
9340.169186165405,24995.0
9340.17124619856,24995.0
9340.173306231716,24996.0
9340.175366264872,24996.0
9340.177426298027,24996.0
9340.179486331184,24996.0
9340.18154636434,24996.0
9340.183606397495,24996.0
9340.18566643065,24996.0
9340.187726463806,24996.0
9340.189786496961,24996.0
9340.191846530117,24997.0
9340.193906563272,24997.0
9340.195966596428,24997.0
9340.198026629583,24997.0
9340.200086662739,24997.0
9340.202146695896,24997.0
9340.204206729051,24997.0
9340.206266762207,24997.0
9340.208326795362,24997.0
9340.210386828518,24997.0
9340.212446861673,24997.0
9340.214506894828,24997.0
9340.216566927984,24997.0
9340.21862696114,24997.0
9340.220686994295,24997.0
9340.222747027452,24997.0
9340.224807060607,24997.0
9340.226867093763,24997.0
9340.228927126918,24998.0
9340.230987160074,24998.0
9340.23304719323,24998.0
9340.235107226385,24998.0
9340.23716725954,24998.0
9340.239227292695,24998.0
9340.24128732585,24998.0
9340.243347359006,24998.0
9340.245407392164,24998.0
9340.247467425319,24999.0
9340.249527458474,24999.0
9340.25158749163,24999.0
9340.253647524785,24999.0
9340.25570755794,24999.0
9340.257767591096,24999.0
9340.259827624252,24999.0
9340.261887657407,24999.0
9340.263947690562,24999.0
9340.26600772372,25000.0
9340.268067756875,25000.0
9340.27012779003,25000.0
9340.272187823186,25000.0
9340.274247856341,25000.0
9340.276307889497,25000.0
9340.278367922652,25000.0
9340.280427955808,25000.0
9340.282487988963,25000.0
9340.284548022119,25001.0
9340.286608055274,25001.0
9340.288668088431,25001.0
9340.290728121587,25001.0
9340.292788154742,25001.0
9340.294848187898,25001.0
9340.296908221053,25001.0
9340.298968254208,25001.0
9340.301028287364,25001.0
9340.30308832052,25002.0
9340.305148353675,25002.0
9340.30720838683,25002.0
9340.309268419987,25002.0
9340.311328453143,25002.0
9340.313388486298,25002.0
9340.315448519454,25002.0
9340.317508552609,25002.0
9340.319568585765,25002.0
9340.32162861892,25003.0
9340.323688652075,25003.0
9340.32574868523,25003.0
9340.327808718386,25003.0
9340.329868751542,25003.0
9340.331928784699,25003.0
9340.333988817854,25003.0
9340.33604885101,25003.0
9340.338108884165,25003.0
9340.34016891732,25004.0
9340.342228950476,25004.0
9340.344288983631,25004.0
9340.346349016787,25004.0
9340.348409049942,25004.0
9340.350469083098,25004.0
9340.352529116255,25004.0
9340.35458914941,25004.0
9340.356649182566,25004.0
9340.358709215721,25005.0
9340.360769248877,25005.0
9340.362829282032,25005.0
9340.364889315188,25005.0
9340.366949348343,25005.0
9340.369009381498,25005.0
9340.371069414654,25005.0
9340.37312944781,25005.0
9340.375189480967,25005.0
9340.377249514122,25006.0
9340.379309547277,25006.0
9340.381369580433,25006.0
9340.383429613588,25006.0
9340.385489646744,25006.0
9340.3875496799,25006.0
9340.389609713055,25006.0
9340.39166974621,25006.0
9340.393729779365,25006.0
9340.395789812523,25006.0
9340.397849845678,25006.0
9340.399909878834,25006.0
9340.401969911989,25006.0
9340.404029945144,25006.0
9340.4060899783,25006.0
9340.408150011455,25006.0
9340.41021004461,25007.0
9340.412270077766,25007.0
9340.414330110922,25007.0
9340.416390144077,25007.0
9340.418450177234,25007.0
9340.42051021039,25007.0
9340.422570243545,25007.0
9340.4246302767,25007.0
9340.426690309856,25007.0
9340.428750343011,25007.0
9340.430810376167,25007.0
9340.432870409322,25007.0
9340.434930442478,25007.0
9340.436990475633,25007.0
9340.439050508789,25007.0
9340.441110541946,25007.0
9340.443170575101,25008.0
9340.445230608257,25008.0
9340.447290641412,25008.0
9340.449350674568,25008.0
9340.451410707723,25008.0
9340.453470740878,25008.0
9340.455530774034,25008.0
9340.45759080719,25008.0
9340.459650840345,25008.0
9340.461710873502,25009.0
9340.463770906657,25009.0
9340.465830939813,25009.0
9340.467890972968,25009.0
9340.469951006124,25009.0
9340.47201103928,25009.0
9340.474071072435,25009.0
9340.47613110559,25009.0
9340.478191138745,25009.0
9340.4802511719,25010.0
9340.482311205056,25010.0
9340.484371238213,25010.0
9340.486431271369,25010.0
9340.488491304524,25010.0
9340.49055133768,25010.0
9340.492611370835,25010.0
9340.49467140399,25010.0
9340.496731437146,25010.0
9340.498791470302,25011.0
9340.500851503457,25011.0
9340.502911536612,25011.0
9340.504971569768,25011.0
9340.507031602925,25011.0
9340.50909163608,25011.0
9340.511151669236,25011.0
9340.513211702391,25011.0
9340.515271735547,25011.0
9340.517331768702,25012.0
9340.519391801858,25012.0
9340.521451835013,25012.0
9340.523511868168,25012.0
9340.525571901324,25012.0
9340.527631934481,25012.0
9340.529691967637,25012.0
9340.531752000792,25012.0
9340.533812033947,25012.0
9340.535872067103,25013.0
9340.537932100258,25013.0
9340.539992133414,25013.0
9340.54205216657,25013.0
9340.544112199725,25013.0
9340.54617223288,25013.0
9340.548232266035,25013.0
9340.550292299193,25013.0
9340.552352332348,25013.0
9340.554412365504,25014.0
9340.556472398659,25014.0
9340.558532431814,25014.0
9340.56059246497,25014.0
9340.562652498125,25014.0
9340.56471253128,25014.0
9340.566772564436,25014.0
9340.568832597592,25014.0
9340.570892630749,25014.0
9340.572952663904,25015.0
9340.57501269706,25015.0
9340.577072730215,25015.0
9340.57913276337,25015.0
9340.581192796526,25015.0
9340.583252829681,25015.0
9340.585312862837,25015.0
9340.587372895992,25015.0
9340.589432929148,25015.0
9340.591492962303,25015.0
9340.59355299546,25015.0
9340.595613028616,25015.0
9340.597673061771,25015.0
9340.599733094927,25015.0
9340.601793128082,25015.0
9340.603853161238,25015.0
9340.605913194393,25015.0
9340.607973227548,25016.0
9340.610033260704,25016.0
9340.61209329386,25016.0
9340.614153327017,25016.0
9340.616213360172,25016.0
9340.618273393327,25016.0
9340.620333426483,25016.0
9340.622393459638,25016.0
9340.624453492794,25016.0
9340.62651352595,25017.0
9340.628573559105,25017.0
9340.63063359226,25017.0
9340.632693625415,25017.0
9340.63475365857,25017.0
9340.636813691728,25017.0
9340.638873724884,25017.0
9340.640933758039,25017.0
9340.642993791194,25017.0
9340.64505382435,25018.0
9340.647113857505,25018.0
9340.64917389066,25018.0
9340.651233923816,25018.0
9340.653293956972,25018.0
9340.655353990127,25018.0
9340.657414023284,25018.0
9340.65947405644,25018.0
9340.661534089595,25018.0
9340.66359412275,25019.0
9340.665654155906,25019.0
9340.667714189061,25019.0
9340.669774222217,25019.0
9340.671834255372,25019.0
9340.673894288528,25019.0
9340.675954321683,25019.0
9340.678014354839,25019.0
9340.680074387996,25019.0
9340.682134421151,25020.0
9340.684194454307,25020.0
9340.686254487462,25020.0
9340.688314520617,25020.0
9340.690374553773,25020.0
9340.692434586928,25020.0
9340.694494620084,25020.0
9340.69655465324,25020.0
9340.698614686395,25020.0
9340.700674719552,25021.0
9340.702734752707,25021.0
9340.704794785863,25021.0
9340.706854819018,25021.0
9340.708914852174,25021.0
9340.710974885329,25021.0
9340.713034918484,25021.0
9340.71509495164,25021.0
9340.717154984795,25021.0
9340.71921501795,25022.0
9340.721275051106,25022.0
9340.723335084263,25022.0
9340.725395117419,25022.0
9340.727455150574,25022.0
9340.72951518373,25022.0
9340.731575216885,25022.0
9340.73363525004,25022.0
9340.735695283196,25022.0
9340.737755316351,25022.0
9340.739815349507,25022.0
9340.741875382662,25022.0
9340.74393541582,25022.0
9340.745995448975,25022.0
9340.74805548213,25022.0
9340.750115515286,25022.0
9340.752175548441,25022.0
9340.754235581597,25022.0
9340.756295614752,25022.0
9340.758355647908,25022.0
9340.760415681063,25022.0
9340.762475714218,25022.0
9340.764535747374,25023.0
9340.766595780531,25023.0
9340.768655813687,25023.0
9340.770715846842,25023.0
9340.772775879997,25023.0
9340.774835913153,25023.0
9340.776895946308,25023.0
9340.778955979464,25023.0
9340.78101601262,25023.0
9340.783076045775,25023.0
9340.78513607893,25023.0
9340.787196112087,25023.0
9340.789256145243,25023.0
9340.791316178398,25023.0
9340.793376211554,25023.0
9340.795436244709,25023.0
9340.797496277864,25023.0
9340.79955631102,25024.0
9340.801616344175,25024.0
9340.80367637733,25024.0
9340.805736410486,25024.0
9340.807796443642,25024.0
9340.809856476799,25024.0
9340.811916509954,25024.0
9340.81397654311,25024.0
9340.816036576265,25024.0
9340.81809660942,25025.0
9340.820156642576,25025.0
9340.822216675731,25025.0
9340.824276708887,25025.0
9340.826336742042,25025.0
9340.828396775198,25025.0
9340.830456808355,25025.0
9340.83251684151,25025.0
9340.834576874666,25025.0
9340.836636907821,25026.0
9340.838696940977,25026.0
9340.840756974132,25026.0
9340.842817007288,25026.0
9340.844877040443,25026.0
9340.846937073598,25026.0
9340.848997106754,25026.0
9340.85105713991,25026.0
9340.853117173066,25026.0
9340.855177206222,25027.0
9340.857237239377,25027.0
9340.859297272533,25027.0
9340.861357305688,25027.0
9340.863417338844,25027.0
9340.865477371999,25027.0
9340.867537405155,25027.0
9340.86959743831,25027.0
9340.871657471465,25027.0
9340.87371750462,25028.0
9340.875777537778,25028.0
9340.877837570933,25028.0
9340.879897604089,25028.0
9340.881957637244,25028.0
9340.8840176704,25028.0
9340.886077703555,25028.0
9340.88813773671,25028.0
9340.890197769866,25028.0
9340.892257803021,25029.0
9340.894317836177,25029.0
9340.896377869334,25029.0
9340.89843790249,25029.0
9340.900497935645,25029.0
9340.9025579688,25029.0
9340.904618001956,25029.0
9340.906678035111,25029.0
9340.908738068267,25029.0
9340.910798101422,25030.0
9340.912858134578,25030.0
9340.914918167733,25030.0
9340.916978200888,25030.0
9340.919038234046,25030.0
9340.921098267201,25030.0
9340.923158300357,25030.0
9340.925218333512,25030.0
9340.927278366667,25030.0
9340.929338399823,25030.0
9340.931398432978,25030.0
9340.933458466134,25030.0
9340.93551849929,25030.0
9340.937578532445,25030.0
9340.9396385656,25030.0
9340.941698598757,25030.0
9340.943758631913,25030.0
9340.945818665068,25030.0
9340.947878698224,25031.0
9340.949938731379,25031.0
9340.951998764534,25031.0
9340.95405879769,25031.0
9340.956118830845,25031.0
9340.958178864,25031.0
9340.960238897156,25031.0
9340.962298930313,25031.0
9340.964358963469,25031.0
9340.966418996624,25032.0
9340.96847902978,25032.0
9340.970539062935,25032.0
9340.97259909609,25032.0
9340.974659129246,25032.0
9340.976719162401,25032.0
9340.978779195557,25032.0
9340.980839228712,25032.0
9340.982899261868,25032.0
9340.984959295025,25033.0
9340.98701932818,25033.0
9340.989079361336,25033.0
9340.991139394491,25033.0
9340.993199427647,25033.0
9340.995259460802,25033.0
9340.997319493958,25033.0
9340.999379527113,25033.0
9341.001439560268,25033.0
9341.003499593424,25034.0
9341.005559626581,25034.0
9341.007619659737,25034.0
9341.009679692892,25034.0
9341.011739726047,25034.0
9341.013799759203,25034.0
9341.015859792358,25034.0
9341.017919825514,25034.0
9341.01997985867,25034.0
9341.022039891825,25035.0
9341.02409992498,25035.0
9341.026159958135,25035.0
9341.028219991293,25035.0
9341.030280024448,25035.0
9341.032340057604,25035.0
9341.034400090759,25035.0
9341.036460123914,25035.0
9341.03852015707,25035.0
9341.040580190225,25036.0
9341.04264022338,25036.0
9341.044700256536,25036.0
9341.046760289692,25036.0
9341.048820322849,25036.0
9341.050880356004,25036.0
9341.05294038916,25036.0
9341.055000422315,25036.0
9341.05706045547,25036.0
9341.059120488626,25037.0
9341.061180521781,25037.0
9341.063240554937,25037.0
9341.065300588092,25037.0
9341.067360621248,25037.0
9341.069420654403,25037.0
9341.07148068756,25037.0
9341.073540720716,25037.0
9341.075600753871,25037.0
9341.077660787027,25038.0
9341.079720820182,25038.0
9341.081780853337,25038.0
9341.083840886493,25038.0
9341.085900919648,25038.0
9341.087960952804,25038.0
9341.09002098596,25038.0
9341.092081019116,25038.0
9341.094141052272,25038.0
9341.096201085427,25039.0
9341.098261118583,25039.0
9341.100321151738,25039.0
9341.102381184894,25039.0
9341.104441218049,25039.0
9341.106501251204,25039.0
9341.10856128436,25039.0
9341.110621317515,25039.0
9341.11268135067,25039.0
9341.114741383828,25039.0
9341.116801416983,25039.0
9341.118861450139,25039.0
9341.120921483294,25039.0
9341.12298151645,25039.0
9341.125041549605,25039.0
9341.12710158276,25039.0
9341.129161615916,25039.0
9341.131221649071,25039.0
9341.133281682227,25040.0
9341.135341715384,25040.0
9341.13740174854,25040.0
9341.139461781695,25040.0
9341.14152181485,25040.0
9341.143581848006,25040.0
9341.145641881161,25040.0
9341.147701914317,25040.0
9341.149761947472,25040.0
9341.151821980628,25041.0
9341.153882013783,25041.0
9341.155942046938,25041.0
9341.158002080096,25041.0
9341.160062113251,25041.0
9341.162122146407,25041.0
9341.164182179562,25041.0
9341.166242212717,25041.0
9341.168302245873,25041.0
9341.170362279028,25042.0
9341.172422312184,25042.0
9341.17448234534,25042.0
9341.176542378495,25042.0
9341.178602411652,25042.0
9341.180662444807,25042.0
9341.182722477963,25042.0
9341.184782511118,25042.0
9341.186842544274,25042.0
9341.188902577429,25043.0
9341.190962610584,25043.0
9341.19302264374,25043.0
9341.195082676895,25043.0
9341.19714271005,25043.0
9341.199202743206,25043.0
9341.201262776363,25043.0
9341.203322809519,25043.0
9341.205382842674,25043.0
9341.20744287583,25044.0
9341.209502908985,25044.0
9341.21156294214,25044.0
9341.213622975296,25044.0
9341.215683008451,25044.0
9341.217743041607,25044.0
9341.219803074762,25044.0
9341.22186310792,25044.0
9341.223923141075,25044.0
9341.22598317423,25045.0
9341.228043207386,25045.0
9341.230103240541,25045.0
9341.232163273697,25045.0
9341.234223306852,25045.0
9341.236283340008,25045.0
9341.238343373163,25045.0
9341.240403406318,25045.0
9341.242463439474,25045.0
9341.244523472631,25046.0
9341.246583505786,25046.0
9341.248643538942,25046.0
9341.250703572097,25046.0
9341.252763605253,25046.0
9341.254823638408,25046.0
9341.256883671564,25046.0
9341.258943704719,25046.0
9341.261003737874,25046.0
9341.26306377103,25047.0
9341.265123804185,25047.0
9341.267183837343,25047.0
9341.269243870498,25047.0
9341.271303903653,25047.0
9341.273363936809,25047.0
9341.275423969964,25047.0
9341.27748400312,25047.0
9341.279544036275,25047.0
9341.28160406943,25047.0
9341.283664102586,25047.0
9341.285724135741,25047.0
9341.287784168899,25047.0
9341.289844202054,25047.0
9341.29190423521,25047.0
9341.293964268365,25047.0
9341.29602430152,25047.0
9341.298084334676,25047.0
9341.300144367831,25048.0
9341.302204400987,25048.0
9341.304264434142,25048.0
9341.306324467298,25048.0
9341.308384500453,25048.0
9341.31044453361,25048.0
9341.312504566766,25048.0
9341.314564599921,25048.0
9341.316624633077,25048.0
9341.318684666232,25049.0
9341.320744699387,25049.0
9341.322804732543,25049.0
9341.324864765698,25049.0
9341.326924798854,25049.0
9341.32898483201,25049.0
9341.331044865165,25049.0
9341.333104898322,25049.0
9341.335164931477,25049.0
9341.337224964633,25050.0
9341.339284997788,25050.0
9341.341345030944,25050.0
9341.343405064099,25050.0
9341.345465097254,25050.0
9341.34752513041,25050.0
9341.349585163565,25050.0
9341.35164519672,25050.0
9341.353705229878,25050.0
9341.355765263033,25051.0
9341.357825296189,25051.0
9341.359885329344,25051.0
9341.3619453625,25051.0
9341.364005395655,25051.0
9341.36606542881,25051.0
9341.368125461966,25051.0
9341.370185495121,25051.0
9341.372245528277,25051.0
9341.374305561432,25052.0
9341.37636559459,25052.0
9341.378425627745,25052.0
9341.3804856609,25052.0
9341.382545694056,25052.0
9341.384605727211,25052.0
9341.386665760367,25052.0
9341.388725793522,25052.0
9341.390785826678,25052.0
9341.392845859833,25053.0
9341.394905892988,25053.0
9341.396965926146,25053.0
9341.399025959301,25053.0
9341.401085992457,25053.0
9341.403146025612,25053.0
9341.405206058767,25053.0
9341.407266091923,25053.0
9341.409326125078,25053.0
9341.411386158234,25054.0
9341.413446191389,25054.0
9341.415506224545,25054.0
9341.4175662577,25054.0
9341.419626290857,25054.0
9341.421686324013,25054.0
9341.423746357168,25054.0
9341.425806390323,25054.0
9341.427866423479,25054.0
9341.429926456634,25055.0
9341.43198648979,25055.0
9341.434046522945,25055.0
9341.4361065561,25055.0
9341.438166589256,25055.0
9341.440226622413,25055.0
9341.442286655569,25055.0
9341.444346688724,25055.0
9341.44640672188,25055.0
9341.448466755035,25056.0
9341.45052678819,25056.0
9341.452586821346,25056.0
9341.454646854501,25056.0
9341.456706887657,25056.0
9341.458766920812,25056.0
9341.460826953968,25056.0
9341.462886987125,25056.0
9341.46494702028,25056.0
9341.467007053436,25056.0
9341.469067086591,25056.0
9341.471127119747,25056.0
9341.473187152902,25056.0
9341.475247186057,25056.0
9341.477307219213,25056.0
9341.479367252368,25056.0
9341.481427285524,25056.0
9341.483487318681,25056.0
9341.485547351836,25056.0
9341.487607384992,25056.0
9341.489667418147,25056.0
9341.491727451303,25056.0
9341.493787484458,25057.0
9341.495847517614,25057.0
9341.497907550769,25057.0
9341.499967583924,25057.0
9341.50202761708,25057.0
9341.504087650235,25057.0
9341.506147683393,25057.0
9341.508207716548,25057.0
9341.510267749703,25057.0
9341.512327782859,25058.0
9341.514387816014,25058.0
9341.51644784917,25058.0
9341.518507882325,25058.0
9341.52056791548,25058.0
9341.522627948636,25058.0
9341.524687981791,25058.0
9341.526748014949,25058.0
9341.528808048104,25058.0
9341.53086808126,25059.0
9341.532928114415,25059.0
9341.53498814757,25059.0
9341.537048180726,25059.0
9341.539108213881,25059.0
9341.541168247037,25059.0
9341.543228280192,25059.0
9341.545288313348,25059.0
9341.547348346503,25059.0
9341.54940837966,25060.0
9341.551468412816,25060.0
9341.553528445971,25060.0
9341.555588479127,25060.0
9341.557648512282,25060.0
9341.559708545437,25060.0
9341.561768578593,25060.0
9341.563828611748,25060.0
9341.565888644904,25060.0
9341.56794867806,25061.0
9341.570008711216,25061.0
9341.572068744372,25061.0
9341.574128777527,25061.0
9341.576188810683,25061.0
9341.578248843838,25061.0
9341.580308876994,25061.0
9341.582368910149,25061.0
9341.584428943304,25061.0
9341.58648897646,25062.0
9341.588549009615,25062.0
9341.59060904277,25062.0
9341.592669075928,25062.0
9341.594729109083,25062.0
9341.596789142239,25062.0
9341.598849175394,25062.0
9341.60090920855,25062.0
9341.602969241705,25062.0
9341.60502927486,25062.0
9341.607089308016,25062.0
9341.609149341171,25062.0
9341.611209374327,25062.0
9341.613269407484,25063.0
9341.61532944064,25063.0
9341.617389473795,25063.0
9341.61944950695,25063.0
9341.621509540106,25063.0
9341.623569573261,25063.0
9341.625629606417,25063.0
9341.627689639572,25063.0
9341.629749672727,25063.0
9341.631809705883,25063.0
9341.633869739038,25064.0
9341.635929772196,25064.0
9341.637989805351,25064.0
9341.640049838506,25064.0
9341.642109871662,25064.0
9341.644169904817,25064.0
9341.646229937973,25064.0
9341.648289971128,25064.0
9341.650350004284,25065.0
9341.652410037439,25065.0
9341.654470070594,25065.0
9341.65653010375,25065.0
9341.658590136907,25065.0
9341.660650170063,25065.0
9341.662710203218,25065.0
9341.664770236373,25065.0
9341.666830269529,25065.0
9341.668890302684,25066.0
9341.67095033584,25066.0
9341.673010368995,25066.0
9341.67507040215,25066.0
9341.677130435306,25066.0
9341.679190468463,25066.0
9341.681250501619,25066.0
9341.683310534774,25066.0
9341.68537056793,25066.0
9341.687430601085,25067.0
9341.68949063424,25067.0
9341.691550667396,25067.0
9341.693610700551,25067.0
9341.695670733707,25067.0
9341.697730766862,25067.0
9341.699790800018,25067.0
9341.701850833175,25067.0
9341.70391086633,25068.0
9341.705970899486,25068.0
9341.708030932641,25068.0
9341.710090965797,25068.0
9341.712150998952,25068.0
9341.714211032107,25068.0
9341.716271065263,25068.0
9341.718331098418,25068.0
9341.720391131574,25069.0
9341.72245116473,25069.0
9341.724511197886,25069.0
9341.726571231042,25069.0
9341.728631264197,25069.0
9341.730691297353,25069.0
9341.732751330508,25069.0
9341.734811363664,25069.0
9341.736871396819,25069.0
9341.738931429974,25070.0
9341.74099146313,25070.0
9341.743051496285,25070.0
9341.745111529443,25070.0
9341.747171562598,25070.0
9341.749231595753,25070.0
9341.751291628909,25070.0
9341.753351662064,25070.0
9341.75541169522,25070.0
9341.757471728375,25070.0
9341.75953176153,25070.0
9341.761591794686,25070.0
9341.763651827841,25070.0
9341.765711860997,25070.0
9341.767771894154,25070.0
9341.76983192731,25070.0
9341.771891960465,25071.0
9341.77395199362,25071.0
9341.776012026776,25071.0
9341.778072059931,25071.0
9341.780132093087,25071.0
9341.782192126242,25071.0
9341.784252159398,25071.0
9341.786312192553,25071.0
9341.78837222571,25071.0
9341.790432258866,25072.0
9341.792492292021,25072.0
9341.794552325176,25072.0
9341.796612358332,25072.0
9341.798672391487,25072.0
9341.800732424643,25072.0
9341.802792457798,25072.0
9341.804852490954,25072.0
9341.806912524109,25073.0
9341.808972557264,25073.0
9341.811032590422,25073.0
9341.813092623577,25073.0
9341.815152656733,25073.0
9341.817212689888,25073.0
9341.819272723043,25073.0
9341.821332756199,25073.0
9341.823392789354,25073.0
9341.82545282251,25074.0
9341.827512855665,25074.0
9341.82957288882,25074.0
9341.831632921978,25074.0
9341.833692955133,25074.0
9341.835752988289,25074.0
9341.837813021444,25074.0
9341.8398730546,25074.0
9341.841933087755,25075.0
9341.84399312091,25075.0
9341.846053154066,25075.0
9341.848113187221,25075.0
9341.850173220377,25075.0
9341.852233253532,25075.0
9341.85429328669,25075.0
9341.856353319845,25075.0
9341.858413353,25075.0
9341.860473386156,25076.0
9341.862533419311,25076.0
9341.864593452467,25076.0
9341.866653485622,25076.0
9341.868713518777,25076.0
9341.870773551933,25076.0
9341.872833585088,25076.0
9341.874893618246,25076.0
9341.876953651401,25076.0
9341.879013684556,25076.0
9341.881073717712,25076.0
9341.883133750867,25076.0
9341.885193784023,25076.0
9341.887253817178,25077.0
9341.889313850334,25077.0
9341.891373883489,25077.0
9341.893433916644,25077.0
9341.8954939498,25077.0
9341.897553982957,25077.0
9341.899614016113,25077.0
9341.901674049268,25077.0
9341.903734082423,25078.0
9341.905794115579,25078.0
9341.907854148734,25078.0
9341.90991418189,25078.0
9341.911974215045,25078.0
9341.9140342482,25078.0
9341.916094281356,25078.0
9341.918154314513,25078.0
9341.920214347669,25078.0
9341.922274380824,25079.0
9341.92433441398,25079.0
9341.926394447135,25079.0
9341.92845448029,25079.0
9341.930514513446,25079.0
9341.932574546601,25079.0
9341.934634579757,25079.0
9341.936694612912,25079.0
9341.938754646068,25079.0
9341.940814679225,25080.0
9341.94287471238,25080.0
9341.944934745536,25080.0
9341.946994778691,25080.0
9341.949054811847,25080.0
9341.951114845002,25080.0
9341.953174878157,25080.0
9341.955234911313,25080.0
9341.957294944468,25080.0
9341.959354977624,25080.0
9341.961415010781,25080.0
9341.963475043936,25080.0
9341.965535077092,25080.0
9341.967595110247,25080.0
9341.969655143403,25080.0
9341.971715176558,25080.0
9341.973775209713,25080.0
9341.975835242869,25080.0
9341.977895276024,25080.0
9341.97995530918,25080.0
9341.982015342335,25081.0
9341.984075375492,25081.0
9341.986135408648,25081.0
9341.988195441803,25081.0
9341.990255474959,25081.0
9341.992315508114,25081.0
9341.99437554127,25081.0
9341.996435574425,25081.0
9341.99849560758,25081.0
9342.000555640736,25081.0
9342.002615673891,25081.0
9342.004675707049,25081.0
9342.006735740204,25081.0
9342.00879577336,25081.0
9342.010855806515,25081.0
9342.01291583967,25081.0
9342.014975872826,25081.0
9342.017035905981,25082.0
9342.019095939137,25082.0
9342.021155972292,25082.0
9342.023216005447,25082.0
9342.025276038603,25082.0
9342.02733607176,25082.0
9342.029396104916,25082.0
9342.031456138071,25082.0
9342.033516171226,25082.0
9342.035576204382,25083.0
9342.037636237537,25083.0
9342.039696270693,25083.0
9342.041756303848,25083.0
9342.043816337004,25083.0
9342.045876370159,25083.0
9342.047936403314,25083.0
9342.049996436472,25083.0
9342.052056469627,25084.0
9342.054116502783,25084.0
9342.056176535938,25084.0
9342.058236569093,25084.0
9342.060296602249,25084.0
9342.062356635404,25084.0
9342.06441666856,25084.0
9342.066476701715,25084.0
9342.06853673487,25084.0
9342.070596768028,25084.0
9342.072656801183,25085.0
9342.074716834339,25085.0
9342.076776867494,25085.0
9342.07883690065,25085.0
9342.080896933805,25085.0
9342.08295696696,25085.0
9342.085017000116,25085.0
9342.087077033271,25085.0
9342.089137066427,25086.0
9342.091197099582,25086.0
9342.09325713274,25086.0
9342.095317165895,25086.0
9342.09737719905,25086.0
9342.099437232206,25086.0
9342.101497265361,25086.0
9342.103557298517,25086.0
9342.105617331672,25086.0
9342.107677364827,25087.0
9342.109737397983,25087.0
9342.111797431138,25087.0
9342.113857464294,25087.0
9342.115917497451,25087.0
9342.117977530606,25087.0
9342.120037563762,25087.0
9342.122097596917,25087.0
9342.124157630073,25087.0
9342.126217663228,25087.0
9342.128277696384,25087.0
9342.130337729539,25087.0
9342.132397762694,25087.0
9342.13445779585,25087.0
9342.136517829007,25087.0
9342.138577862162,25087.0
9342.140637895318,25087.0
9342.142697928473,25088.0
9342.144757961629,25088.0
9342.146817994784,25088.0
9342.14887802794,25088.0
9342.150938061095,25088.0
9342.15299809425,25088.0
9342.155058127406,25088.0
9342.157118160561,25088.0
9342.159178193719,25089.0
9342.161238226874,25089.0
9342.16329826003,25089.0
9342.165358293185,25089.0
9342.16741832634,25089.0
9342.169478359496,25089.0
9342.171538392651,25089.0
9342.173598425807,25089.0
9342.175658458962,25090.0
9342.177718492117,25090.0
9342.179778525275,25090.0
9342.18183855843,25090.0
9342.183898591586,25090.0
9342.185958624741,25090.0
9342.188018657896,25090.0
9342.190078691052,25090.0
9342.192138724207,25090.0
9342.194198757363,25091.0
9342.196258790518,25091.0
9342.198318823674,25091.0
9342.200378856829,25091.0
9342.202438889986,25091.0
9342.204498923142,25091.0
9342.206558956297,25091.0
9342.208618989453,25091.0
9342.210679022608,25092.0
9342.212739055763,25092.0
9342.214799088919,25092.0
9342.216859122074,25092.0
9342.21891915523,25092.0
9342.220979188385,25092.0
9342.223039221542,25092.0
9342.225099254698,25092.0
9342.227159287853,25092.0
9342.229219321009,25093.0
9342.231279354164,25093.0
9342.23333938732,25093.0
9342.235399420475,25093.0
9342.23745945363,25093.0
9342.239519486786,25093.0
9342.241579519941,25093.0
9342.243639553097,25094.0
9342.245699586254,25094.0
9342.24775961941,25094.0
9342.249819652565,25094.0
9342.25187968572,25094.0
9342.253939718876,25094.0
9342.255999752031,25094.0
9342.258059785187,25094.0
9342.260119818342,25094.0
9342.262179851497,25095.0
9342.264239884653,25095.0
9342.26629991781,25095.0
9342.268359950966,25095.0
9342.270419984121,25095.0
9342.272480017276,25095.0
9342.274540050432,25095.0
9342.276600083587,25095.0
9342.278660116743,25095.0
9342.280720149898,25095.0
9342.282780183054,25095.0
9342.284840216209,25095.0
9342.286900249364,25095.0
9342.288960282522,25095.0
9342.291020315677,25095.0
9342.293080348833,25095.0
9342.295140381988,25095.0
9342.297200415143,25096.0
9342.299260448299,25096.0
9342.301320481454,25096.0
9342.30338051461,25096.0
9342.305440547765,25096.0
9342.30750058092,25096.0
9342.309560614078,25096.0
9342.311620647233,25096.0
9342.313680680389,25096.0
9342.315740713544,25097.0
9342.3178007467,25097.0
9342.319860779855,25097.0
9342.32192081301,25097.0
9342.323980846166,25097.0
9342.326040879321,25097.0
9342.328100912477,25097.0
9342.330160945632,25097.0
9342.33222097879,25098.0
9342.334281011945,25098.0
9342.3363410451,25098.0
9342.338401078256,25098.0
9342.340461111411,25098.0
9342.342521144566,25098.0
9342.344581177722,25098.0
9342.346641210877,25098.0
9342.348701244033,25098.0
9342.350761277188,25099.0
9342.352821310345,25099.0
9342.3548813435,25099.0
9342.356941376656,25099.0
9342.359001409812,25099.0
9342.361061442967,25099.0
9342.363121476123,25099.0
9342.365181509278,25099.0
9342.367241542433,25100.0
9342.369301575589,25100.0
9342.371361608744,25100.0
9342.3734216419,25100.0
9342.375481675057,25100.0
9342.377541708212,25100.0
9342.379601741368,25100.0
9342.381661774523,25100.0
9342.383721807679,25100.0
9342.385781840834,25101.0
9342.38784187399,25101.0
9342.389901907145,25101.0
9342.3919619403,25101.0
9342.394021973456,25101.0
9342.396082006613,25101.0
9342.398142039769,25101.0
9342.400202072924,25101.0
9342.40226210608,25101.0
9342.404322139235,25102.0
9342.40638217239,25102.0
9342.408442205546,25102.0
9342.410502238701,25102.0
9342.412562271857,25102.0
9342.414622305012,25102.0
9342.416682338167,25102.0
9342.418742371325,25102.0
9342.42080240448,25103.0
9342.422862437636,25103.0
9342.424922470791,25103.0
9342.426982503946,25103.0
9342.429042537102,25103.0
9342.431102570257,25103.0
9342.433162603413,25103.0
9342.435222636568,25103.0
9342.437282669724,25103.0
9342.439342702879,25104.0
9342.441402736036,25104.0
9342.443462769192,25104.0
9342.445522802347,25104.0
9342.447582835503,25104.0
9342.449642868658,25104.0
9342.451702901813,25104.0
9342.453762934969,25104.0
9342.455822968124,25104.0
9342.45788300128,25104.0
9342.459943034435,25104.0
9342.462003067592,25104.0
9342.464063100748,25104.0
9342.466123133903,25104.0
9342.468183167059,25104.0
9342.470243200214,25104.0
9342.47230323337,25104.0
9342.474363266525,25105.0
9342.47642329968,25105.0
9342.478483332836,25105.0
9342.480543365991,25105.0
9342.482603399147,25105.0
9342.484663432304,25105.0
9342.48672346546,25105.0
9342.488783498615,25105.0
9342.49084353177,25106.0
9342.492903564926,25106.0
9342.494963598081,25106.0
9342.497023631237,25106.0
9342.499083664392,25106.0
9342.501143697547,25106.0
9342.503203730703,25106.0
9342.505263763858,25106.0
9342.507323797015,25106.0
9342.509383830171,25106.0
9342.511443863326,25106.0
9342.513503896482,25106.0
9342.515563929637,25106.0
9342.517623962793,25107.0
9342.519683995948,25107.0
9342.521744029104,25107.0
9342.523804062259,25107.0
9342.525864095414,25107.0
9342.527924128572,25107.0
9342.529984161727,25107.0
9342.532044194882,25107.0
9342.534104228038,25107.0
9342.536164261193,25108.0
9342.538224294349,25108.0
9342.540284327504,25108.0
9342.54234436066,25108.0
9342.544404393815,25108.0
9342.54646442697,25108.0
9342.548524460126,25108.0
9342.550584493283,25108.0
9342.552644526439,25109.0
9342.554704559594,25109.0
9342.55676459275,25109.0
9342.558824625905,25109.0
9342.56088465906,25109.0
9342.562944692216,25109.0
9342.565004725371,25109.0
9342.567064758527,25109.0
9342.569124791682,25109.0
9342.57118482484,25109.0
9342.573244857995,25109.0
9342.57530489115,25109.0
9342.577364924306,25109.0
9342.579424957461,25109.0
9342.581484990616,25109.0
9342.583545023772,25109.0
9342.585605056927,25109.0
9342.587665090083,25109.0
9342.589725123238,25109.0
9342.591785156394,25109.0
9342.59384518955,25109.0
9342.595905222706,25109.0
9342.597965255862,25109.0
9342.600025289017,25109.0
9342.602085322173,25109.0
9342.604145355328,25109.0
9342.606205388483,25109.0
9342.608265421639,25109.0
9342.610325454794,25109.0
9342.61238548795,25109.0
9342.614445521107,25109.0
9342.616505554262,25109.0
9342.618565587418,25109.0
9342.620625620573,25109.0
9342.622685653729,25109.0
9342.624745686884,25109.0
9342.62680572004,25109.0
9342.628865753195,25109.0
9342.63092578635,25109.0
9342.632985819506,25109.0
9342.635045852661,25109.0
9342.637105885819,25109.0
9342.639165918974,25109.0
9342.64122595213,25109.0
9342.643285985285,25109.0
9342.64534601844,25109.0
9342.647406051596,25109.0
9342.649466084751,25109.0
9342.651526117907,25109.0
9342.653586151062,25109.0
9342.655646184217,25109.0
9342.657706217375,25110.0
9342.65976625053,25110.0
9342.661826283686,25110.0
9342.663886316841,25110.0
9342.665946349996,25110.0
9342.668006383152,25110.0
9342.670066416307,25110.0
9342.672126449463,25110.0
9342.674186482618,25110.0
9342.676246515774,25111.0
9342.678306548929,25111.0
9342.680366582086,25111.0
9342.682426615242,25111.0
9342.684486648397,25111.0
9342.686546681552,25111.0
9342.688606714708,25111.0
9342.690666747863,25111.0
9342.692726781019,25112.0
9342.694786814174,25112.0
9342.69684684733,25112.0
9342.698906880485,25112.0
9342.700966913642,25112.0
9342.703026946798,25112.0
9342.705086979953,25112.0
9342.707147013109,25112.0
9342.709207046264,25113.0
9342.71126707942,25113.0
9342.713327112575,25113.0
9342.71538714573,25113.0
9342.717447178886,25113.0
9342.719507212041,25113.0
9342.721567245197,25113.0
9342.723627278354,25113.0
9342.72568731151,25113.0
9342.727747344665,25114.0
9342.72980737782,25114.0
9342.731867410976,25114.0
9342.733927444131,25114.0
9342.735987477286,25114.0
9342.738047510442,25114.0
9342.740107543597,25114.0
9342.742167576753,25114.0
9342.74422760991,25114.0
9342.746287643065,25115.0
9342.74834767622,25115.0
9342.750407709376,25115.0
9342.752467742532,25115.0
9342.754527775687,25115.0
9342.756587808843,25115.0
9342.758647841998,25115.0
9342.760707875153,25115.0
9342.762767908309,25115.0
9342.764827941464,25115.0
9342.766887974622,25116.0
9342.768948007777,25116.0
9342.771008040932,25116.0
9342.773068074088,25116.0
9342.775128107243,25116.0
9342.777188140399,25116.0
9342.779248173554,25116.0
9342.78130820671,25116.0
9342.783368239865,25116.0
9342.78542827302,25116.0
9342.787488306178,25117.0
9342.789548339333,25117.0
9342.791608372489,25117.0
9342.793668405644,25117.0
9342.7957284388,25117.0
9342.797788471955,25117.0
9342.79984850511,25117.0
9342.801908538266,25117.0
9342.803968571421,25117.0
9342.806028604577,25118.0
9342.808088637732,25118.0
9342.81014867089,25118.0
9342.812208704045,25118.0
9342.8142687372,25118.0
9342.816328770356,25118.0
9342.818388803511,25118.0
9342.820448836666,25118.0
9342.822508869822,25118.0
9342.824568902977,25118.0
9342.826628936133,25119.0
9342.828688969288,25119.0
9342.830749002444,25119.0
9342.8328090356,25119.0
9342.834869068756,25119.0
9342.836929101912,25119.0
9342.838989135067,25119.0
9342.841049168223,25119.0
9342.843109201378,25119.0
9342.845169234533,25119.0
9342.847229267689,25119.0
9342.849289300844,25119.0
9342.851349334,25119.0
9342.853409367157,25119.0
9342.855469400312,25119.0
9342.857529433468,25119.0
9342.859589466623,25119.0
9342.861649499779,25119.0
9342.863709532934,25119.0
9342.86576956609,25120.0
9342.867829599245,25120.0
9342.8698896324,25120.0
9342.871949665556,25120.0
9342.874009698711,25120.0
9342.876069731868,25120.0
9342.878129765024,25120.0
9342.88018979818,25120.0
9342.882249831335,25120.0
9342.88430986449,25120.0
9342.886369897646,25121.0
9342.888429930801,25121.0
9342.890489963956,25121.0
9342.892549997112,25121.0
9342.894610030267,25121.0
9342.896670063423,25121.0
9342.89873009658,25121.0
9342.900790129735,25121.0
9342.90285016289,25121.0
9342.904910196046,25121.0
9342.906970229202,25122.0
9342.909030262357,25122.0
9342.911090295513,25122.0
9342.913150328668,25122.0
9342.915210361823,25122.0
9342.917270394979,25122.0
9342.919330428136,25122.0
9342.921390461292,25122.0
9342.923450494447,25122.0
9342.925510527602,25122.0
9342.927570560758,25123.0
9342.929630593913,25123.0
9342.931690627069,25123.0
9342.933750660224,25123.0
9342.93581069338,25123.0
9342.937870726535,25123.0
9342.93993075969,25123.0
9342.941990792848,25123.0
9342.944050826003,25123.0
9342.946110859159,25123.0
9342.948170892314,25124.0
9342.95023092547,25124.0
9342.952290958625,25124.0
9342.95435099178,25124.0
9342.956411024936,25124.0
9342.958471058091,25124.0
9342.960531091247,25124.0
9342.962591124404,25124.0
9342.96465115756,25124.0
9342.966711190715,25124.0
9342.96877122387,25125.0
9342.970831257026,25125.0
9342.972891290181,25125.0
9342.974951323336,25125.0
9342.977011356492,25125.0
9342.979071389647,25125.0
9342.981131422803,25125.0
9342.983191455958,25125.0
9342.985251489115,25125.0
9342.98731152227,25125.0
9342.989371555426,25126.0
9342.991431588582,25126.0
9342.993491621737,25126.0
9342.995551654893,25126.0
9342.997611688048,25126.0
9342.999671721203,25126.0
9343.001731754359,25126.0
9343.003791787514,25126.0
9343.005851820672,25126.0
9343.007911853827,25126.0
9343.009971886982,25127.0
9343.012031920138,25127.0
9343.014091953293,25127.0
9343.016151986449,25127.0
9343.018212019604,25127.0
9343.02027205276,25127.0
9343.022332085915,25127.0
9343.02439211907,25127.0
9343.026452152226,25127.0
9343.028512185383,25128.0
9343.030572218539,25128.0
9343.032632251694,25128.0
9343.03469228485,25128.0
9343.036752318005,25128.0
9343.03881235116,25128.0
9343.040872384316,25128.0
9343.042932417471,25128.0
9343.044992450627,25128.0
9343.047052483782,25128.0
9343.04911251694,25128.0
9343.051172550095,25128.0
9343.05323258325,25128.0
9343.055292616405,25128.0
9343.057352649561,25128.0
9343.059412682716,25128.0
9343.061472715872,25128.0
9343.063532749027,25128.0
9343.065592782183,25128.0
9343.067652815338,25128.0
9343.069712848494,25129.0
9343.07177288165,25129.0
9343.073832914806,25129.0
9343.075892947962,25129.0
9343.077952981117,25129.0
9343.080013014272,25129.0
9343.082073047428,25129.0
9343.084133080583,25129.0
9343.086193113739,25129.0
9343.088253146894,25129.0
9343.09031318005,25130.0
9343.092373213207,25130.0
9343.094433246362,25130.0
9343.096493279518,25130.0
9343.098553312673,25130.0
9343.100613345829,25130.0
9343.102673378984,25130.0
9343.10473341214,25130.0
9343.106793445295,25130.0
9343.10885347845,25130.0
9343.110913511606,25131.0
9343.112973544761,25131.0
9343.115033577918,25131.0
9343.117093611074,25131.0
9343.11915364423,25131.0
9343.121213677385,25131.0
9343.12327371054,25131.0
9343.125333743696,25131.0
9343.127393776851,25131.0
9343.129453810006,25131.0
9343.131513843162,25132.0
9343.133573876317,25132.0
9343.135633909475,25132.0
9343.13769394263,25132.0
9343.139753975785,25132.0
9343.14181400894,25132.0
9343.143874042096,25132.0
9343.145934075252,25132.0
9343.147994108407,25132.0
9343.150054141563,25133.0
9343.152114174718,25133.0
9343.154174207873,25133.0
9343.156234241029,25133.0
9343.158294274186,25133.0
9343.160354307342,25133.0
9343.162414340497,25133.0
9343.164474373652,25133.0
9343.166534406808,25133.0
9343.168594439963,25133.0
9343.170654473119,25134.0
9343.172714506274,25134.0
9343.17477453943,25134.0
9343.176834572585,25134.0
9343.178894605742,25134.0
9343.180954638898,25134.0
9343.183014672053,25134.0
9343.185074705209,25134.0
9343.187134738364,25134.0
9343.18919477152,25134.0
9343.191254804675,25135.0
9343.19331483783,25135.0
9343.195374870986,25135.0
9343.197434904141,25135.0
9343.199494937297,25135.0
9343.201554970454,25135.0
9343.20361500361,25135.0
9343.205675036765,25135.0
9343.20773506992,25135.0
9343.209795103076,25135.0
9343.211855136231,25136.0
9343.213915169386,25136.0
9343.215975202542,25136.0
9343.218035235697,25136.0
9343.220095268853,25136.0
9343.222155302008,25136.0
9343.224215335165,25136.0
9343.22627536832,25136.0
9343.228335401476,25136.0
9343.230395434632,25136.0
9343.232455467787,25136.0
9343.234515500943,25136.0
9343.236575534098,25136.0
9343.238635567253,25136.0
9343.240695600409,25136.0
9343.242755633564,25136.0
9343.244815666721,25136.0
9343.246875699877,25136.0
9343.248935733032,25136.0
9343.250995766188,25137.0
9343.253055799343,25137.0
9343.255115832499,25137.0
9343.257175865654,25137.0
9343.25923589881,25137.0
9343.261295931965,25137.0
9343.26335596512,25137.0
9343.265415998276,25137.0
9343.267476031433,25137.0
9343.269536064588,25137.0
9343.271596097744,25138.0
9343.2736561309,25138.0
9343.275716164055,25138.0
9343.27777619721,25138.0
9343.279836230366,25138.0
9343.281896263521,25138.0
9343.283956296676,25138.0
9343.286016329832,25138.0
9343.288076362987,25138.0
9343.290136396145,25138.0
9343.2921964293,25138.0
9343.294256462455,25138.0
9343.29631649561,25138.0
9343.298376528766,25138.0
9343.300436561922,25138.0
9343.302496595077,25138.0
9343.304556628233,25138.0
9343.306616661388,25138.0
9343.308676694543,25138.0
9343.3107367277,25138.0
9343.312796760856,25138.0
9343.314856794012,25138.0
9343.316916827167,25138.0
9343.318976860322,25138.0
9343.321036893478,25138.0
9343.323096926633,25138.0
9343.325156959789,25138.0
9343.327216992944,25139.0
9343.3292770261,25139.0
9343.331337059255,25139.0
9343.333397092412,25139.0
9343.335457125568,25139.0
9343.337517158723,25139.0
9343.339577191879,25140.0
9343.341637225034,25140.0
9343.34369725819,25140.0
9343.345757291345,25140.0
9343.3478173245,25140.0
9343.349877357656,25140.0
9343.351937390811,25140.0
9343.353997423968,25140.0
9343.356057457124,25140.0
9343.35811749028,25140.0
9343.360177523435,25140.0
9343.36223755659,25140.0
9343.364297589746,25140.0
9343.366357622901,25141.0
9343.368417656056,25141.0
9343.370477689212,25141.0
9343.372537722367,25141.0
9343.374597755523,25141.0
9343.37665778868,25141.0
9343.378717821835,25141.0
9343.38077785499,25141.0
9343.382837888146,25141.0
9343.384897921302,25141.0
9343.386957954457,25141.0
9343.389017987613,25141.0
9343.391078020768,25141.0
9343.393138053923,25141.0
9343.395198087079,25141.0
9343.397258120236,25141.0
9343.399318153392,25141.0
9343.401378186547,25141.0
9343.403438219702,25141.0
9343.405498252858,25142.0
9343.407558286013,25142.0
9343.409618319169,25142.0
9343.411678352324,25142.0
9343.41373838548,25142.0
9343.415798418635,25142.0
9343.41785845179,25142.0
9343.419918484948,25142.0
9343.421978518103,25142.0
9343.424038551258,25142.0
9343.426098584414,25143.0
9343.42815861757,25143.0
9343.430218650725,25143.0
9343.43227868388,25143.0
9343.434338717036,25143.0
9343.436398750191,25143.0
9343.438458783347,25143.0
9343.440518816504,25143.0
9343.44257884966,25143.0
9343.444638882815,25143.0
9343.44669891597,25144.0
9343.448758949125,25144.0
9343.45081898228,25144.0
9343.452879015436,25144.0
9343.454939048592,25144.0
9343.456999081747,25144.0
9343.459059114903,25144.0
9343.461119148058,25144.0
9343.463179181215,25144.0
9343.46523921437,25144.0
9343.467299247526,25145.0
9343.469359280682,25145.0
9343.471419313837,25145.0
9343.473479346992,25145.0
9343.475539380148,25145.0
9343.477599413303,25145.0
9343.479659446459,25145.0
9343.481719479614,25145.0
9343.483779512771,25145.0
9343.485839545927,25145.0
9343.487899579082,25146.0
9343.489959612238,25146.0
9343.492019645393,25146.0
9343.494079678549,25146.0
9343.496139711704,25146.0
9343.49819974486,25146.0
9343.500259778015,25146.0
9343.50231981117,25146.0
9343.504379844326,25146.0
9343.506439877483,25146.0
9343.508499910638,25147.0
9343.510559943794,25147.0
9343.51261997695,25147.0
9343.514680010105,25147.0
9343.51674004326,25147.0
9343.518800076416,25147.0
9343.520860109571,25148.0
9343.522920142726,25148.0
9343.524980175882,25148.0
9343.52704020904,25148.0
9343.529100242195,25148.0
9343.53116027535,25148.0
9343.533220308505,25148.0
9343.53528034166,25148.0
9343.537340374816,25148.0
9343.539400407972,25148.0
9343.541460441127,25148.0
9343.543520474283,25148.0
9343.545580507438,25148.0
9343.547640540593,25148.0
9343.54970057375,25148.0
9343.551760606906,25148.0
9343.553820640062,25148.0
9343.555880673217,25149.0
9343.557940706372,25149.0
9343.560000739528,25149.0
9343.562060772683,25149.0
9343.564120805839,25149.0
9343.566180838994,25149.0
9343.56824087215,25149.0
9343.570300905307,25149.0
9343.572360938462,25149.0
9343.574420971618,25149.0
9343.576481004773,25150.0
9343.578541037929,25150.0
9343.580601071084,25150.0
9343.58266110424,25150.0
9343.584721137395,25150.0
9343.58678117055,25150.0
9343.588841203706,25150.0
9343.590901236861,25150.0
9343.592961270018,25150.0
9343.595021303174,25150.0
9343.59708133633,25150.0
9343.599141369485,25150.0
9343.60120140264,25150.0
9343.603261435796,25150.0
9343.605321468951,25150.0
9343.607381502106,25150.0
9343.609441535262,25150.0
9343.611501568417,25150.0
9343.613561601573,25150.0
9343.61562163473,25150.0
9343.617681667885,25151.0
9343.61974170104,25151.0
9343.621801734196,25151.0
9343.623861767352,25151.0
9343.625921800507,25151.0
9343.627981833662,25151.0
9343.630041866818,25152.0
9343.632101899973,25152.0
9343.634161933129,25152.0
9343.636221966286,25152.0
9343.638281999441,25152.0
9343.640342032597,25152.0
9343.642402065752,25152.0
9343.644462098908,25152.0
9343.646522132063,25152.0
9343.648582165219,25153.0
9343.650642198374,25153.0
9343.65270223153,25153.0
9343.654762264685,25153.0
9343.65682229784,25153.0
9343.658882330998,25153.0
9343.660942364153,25153.0
9343.663002397308,25153.0
9343.665062430464,25153.0
9343.66712246362,25153.0
9343.669182496775,25154.0
9343.67124252993,25154.0
9343.673302563086,25154.0
9343.675362596241,25154.0
9343.677422629396,25154.0
9343.679482662552,25154.0
9343.68154269571,25154.0
9343.683602728865,25154.0
9343.68566276202,25154.0
9343.687722795175,25154.0
9343.68978282833,25154.0
9343.691842861486,25154.0
9343.693902894642,25154.0
9343.695962927797,25154.0
9343.698022960953,25154.0
9343.700082994108,25154.0
9343.702143027265,25154.0
9343.70420306042,25154.0
9343.706263093576,25154.0
9343.708323126732,25155.0
9343.710383159887,25155.0
9343.712443193042,25155.0
9343.714503226198,25155.0
9343.716563259353,25155.0
9343.718623292509,25155.0
9343.720683325664,25155.0
9343.72274335882,25155.0
9343.724803391977,25155.0
9343.726863425132,25155.0
9343.728923458288,25156.0
9343.730983491443,25156.0
9343.733043524599,25156.0
9343.735103557754,25156.0
9343.73716359091,25156.0
9343.739223624065,25156.0
9343.74128365722,25156.0
9343.743343690376,25156.0
9343.745403723533,25156.0
9343.747463756688,25156.0
9343.749523789844,25157.0
9343.751583823,25157.0
9343.753643856155,25157.0
9343.75570388931,25157.0
9343.757763922466,25157.0
9343.759823955621,25157.0
9343.761883988776,25157.0
9343.763944021932,25157.0
9343.766004055087,25157.0
9343.768064088245,25157.0
9343.7701241214,25158.0
9343.772184154555,25158.0
9343.77424418771,25158.0
9343.776304220866,25158.0
9343.778364254022,25158.0
9343.780424287177,25158.0
9343.782484320333,25158.0
9343.784544353488,25158.0
9343.786604386643,25158.0
9343.7886644198,25158.0
9343.790724452956,25159.0
9343.792784486111,25159.0
9343.794844519267,25159.0
9343.796904552422,25159.0
9343.798964585578,25159.0
9343.801024618733,25159.0
9343.803084651889,25159.0
9343.805144685044,25159.0
9343.8072047182,25159.0
9343.809264751355,25159.0
9343.811324784512,25160.0
9343.813384817668,25160.0
9343.815444850823,25160.0
9343.817504883978,25160.0
9343.819564917134,25160.0
9343.82162495029,25160.0
9343.823684983445,25160.0
9343.8257450166,25160.0
9343.827805049756,25160.0
9343.829865082911,25161.0
9343.831925116068,25161.0
9343.833985149224,25161.0
9343.83604518238,25161.0
9343.838105215535,25161.0
9343.84016524869,25161.0
9343.842225281845,25161.0
9343.844285315,25161.0
9343.846345348156,25161.0
9343.848405381312,25161.0
9343.850465414467,25162.0
9343.852525447623,25162.0
9343.85458548078,25162.0
9343.856645513935,25162.0
9343.85870554709,25162.0
9343.860765580246,25162.0
9343.862825613402,25162.0
9343.864885646557,25162.0
9343.866945679712,25162.0
9343.869005712868,25162.0
9343.871065746023,25163.0
9343.873125779179,25163.0
9343.875185812336,25163.0
9343.877245845491,25163.0
9343.879305878647,25163.0
9343.881365911802,25163.0
9343.883425944958,25163.0
9343.885485978113,25163.0
9343.887546011269,25163.0
9343.889606044424,25163.0
9343.89166607758,25163.0
9343.893726110735,25163.0
9343.89578614389,25163.0
9343.897846177048,25163.0
9343.899906210203,25163.0
9343.901966243358,25163.0
9343.904026276514,25163.0
9343.90608630967,25163.0
9343.908146342825,25163.0
9343.91020637598,25163.0
9343.912266409136,25164.0
9343.914326442291,25164.0
9343.916386475446,25164.0
9343.918446508604,25164.0
9343.92050654176,25164.0
9343.922566574915,25164.0
9343.92462660807,25164.0
9343.926686641225,25164.0
9343.92874667438,25164.0
9343.930806707536,25165.0
9343.932866740692,25165.0
9343.934926773847,25165.0
9343.936986807003,25165.0
9343.939046840158,25165.0
9343.941106873315,25165.0
9343.94316690647,25165.0
9343.945226939626,25165.0
9343.947286972782,25165.0
9343.949347005937,25165.0
9343.951407039092,25166.0
9343.953467072248,25166.0
9343.955527105403,25166.0
9343.957587138559,25166.0
9343.959647171714,25166.0
9343.961707204871,25166.0
9343.963767238027,25166.0
9343.965827271182,25166.0
9343.967887304338,25166.0
9343.969947337493,25166.0
9343.972007370648,25167.0
9343.974067403804,25167.0
9343.97612743696,25167.0
9343.978187470115,25167.0
9343.98024750327,25167.0
9343.982307536426,25167.0
9343.984367569583,25167.0
9343.986427602738,25167.0
9343.988487635894,25167.0
9343.99054766905,25167.0
9343.992607702205,25168.0
9343.99466773536,25168.0
9343.996727768515,25168.0
9343.998787801671,25168.0
9344.000847834826,25168.0
9344.002907867982,25168.0
9344.004967901137,25168.0
9344.007027934294,25168.0
9344.00908796745,25168.0
9344.011148000605,25168.0
9344.01320803376,25169.0
9344.015268066916,25169.0
9344.017328100072,25169.0
9344.019388133227,25169.0
9344.021448166382,25169.0
9344.023508199538,25169.0
9344.025568232693,25169.0
9344.02762826585,25169.0
9344.029688299006,25169.0
9344.031748332161,25169.0
9344.033808365317,25170.0
9344.035868398472,25170.0
9344.037928431628,25170.0
9344.039988464783,25170.0
9344.042048497939,25170.0
9344.044108531094,25170.0
9344.04616856425,25170.0
9344.048228597405,25170.0
9344.050288630562,25170.0
9344.052348663718,25170.0
9344.054408696873,25171.0
9344.056468730028,25171.0
9344.058528763184,25171.0
9344.06058879634,25171.0
9344.062648829495,25171.0
9344.06470886265,25171.0
9344.066768895806,25171.0
9344.068828928961,25171.0
9344.070888962116,25171.0
9344.072948995274,25172.0
9344.07500902843,25172.0
9344.077069061585,25172.0
9344.07912909474,25172.0
9344.081189127895,25172.0
9344.08324916105,25172.0
9344.085309194206,25172.0
9344.087369227362,25172.0
9344.089429260517,25172.0
9344.091489293673,25172.0
9344.09354932683,25172.0
9344.095609359985,25172.0
9344.09766939314,25172.0
9344.099729426296,25172.0
9344.101789459452,25172.0
9344.103849492607,25172.0
9344.105909525762,25172.0
9344.107969558918,25172.0
9344.110029592073,25173.0
9344.112089625229,25173.0
9344.114149658384,25173.0
9344.116209691541,25173.0
9344.118269724697,25173.0
9344.120329757852,25173.0
9344.122389791008,25173.0
9344.124449824163,25173.0
9344.126509857319,25174.0
9344.128569890474,25174.0
9344.13062992363,25174.0
9344.132689956785,25174.0
9344.13474998994,25174.0
9344.136810023097,25174.0
9344.138870056253,25174.0
9344.140930089408,25174.0
9344.142990122564,25174.0
9344.14505015572,25175.0
9344.147110188875,25175.0
9344.14917022203,25175.0
9344.151230255186,25175.0
9344.153290288341,25175.0
9344.155350321496,25175.0
9344.157410354652,25175.0
9344.159470387809,25175.0
9344.161530420964,25176.0
9344.16359045412,25176.0
9344.165650487275,25176.0
9344.16771052043,25176.0
9344.169770553586,25176.0
9344.171830586742,25176.0
9344.173890619897,25176.0
9344.175950653052,25176.0
9344.178010686208,25176.0
9344.180070719365,25177.0
9344.18213075252,25177.0
9344.184190785676,25177.0
9344.186250818831,25177.0
9344.188310851987,25177.0
9344.190370885142,25177.0
9344.192430918298,25177.0
9344.194490951453,25177.0
9344.196550984609,25177.0
9344.198611017764,25178.0
9344.20067105092,25178.0
9344.202731084077,25178.0
9344.204791117232,25178.0
9344.206851150388,25178.0
9344.208911183543,25178.0
9344.210971216698,25178.0
